petition_number,cert_wrkrs_pet,partic_pet
63399,465,188
63675,84,5
63757,58,13
63780,215,33
63856,535,11
63859,39,25
63862,160,28
63876,30,5
63880,72,98
63890,817,971
63891,222,130
63893,34,32
63899,18,3
63900,140,44
63902,59,180
63924,95,67
63931,12,9
63932,81,59
63935,57,4
63940,54,38
63941,1265,289
63943,210,39
63946,498,168
63947,51,14
63950,190,456
63952,2464,255
63954,9,10
63957,23,64
63961,29,30
63965,1361,316
63968,35,38
63970,31,8
63975,87,20
63976,120,3
63981,203,61
63982,66,82
63984,22,5
63985,117,43
63988,72,87
63989,399,257
63990,917,581
63991,194,120
63993,29,17
64004,115,18
64006,202,262
64007,197,75
64010,1057,592
64011,53,377
64012,208,18
64014,144,152
64015,10,44
64018,37,92
64019,57,12
64021,162,7
64026,24,11
64027,5,6
64030,65,91
64031,27,17
64032,3,8
64037,42,54
64042,6,8
64043,180,75
64046,59,103
64052,67,3
64056,27,47
64057,30,3
64058,191,146
64059,60,28
64060,223,39
64061,19,6
64062,81,15
64064,18,12
64066,74,4
64070,10,5
64077,209,160
64078,565,12
64079,174,51
64080,70,28
64081,50,69
64083,420,"1,416"
64085,1095,699
64086,80,3
64087,45,17
64089,50,31
64090,166,8
64092,78,34
64093,100,81
64096,193,33
64098,129,113
64099,505,59
64100,43,23
64102,534,332
64104,102,73
64106,42,30
64108,330,159
64109,30,10
64111,245,157
64112,40,19
64113,35,6
64114,63,97
64116,150,123
64117,186,42
64118,25,7
64120,126,132
64122,227,51
64123,93,4
64125,40,4
64127,52,92
64129,319,33
64131,13,23
64132,5,27
64135,120,13
64136,48,7
64137,45,41
64139,19,9
64141,11,12
64143,8,4
64144,44,6
64147,16,38
64149,0,35
64150,47,23
64151,105,183
64152,25,3
64153,337,147
64155,78,13
64156,7,32
64157,50,7
64158,211,587
64159,500,452
64161,58,17
64162,120,6
64165,46,83
64166,13,7
64167,209,20
64168,82,41
64169,25,12
64170,77,43
64174,197,3
64176,160,21
64177,96,29
64178,8,4
64179,9,27
64181,191,264
64183,7,28
64187,153,159
64188,131,59
64189,123,43
64191,5,10
64192,54,81
64196,373,102
64197,115,26
64198,75,35
64200,43,221
64202,37,11
64203,49,19
64206,51,89
64207,29,32
64209,113,55
64211,33,3
64212,41,82
64213,73,128
64216,125,28
64217,234,134
64218,41,23
64219,91,86
64221,58,88
64222,183,193
64223,30,4
64224,8,3
64225,306,982
64226,48,6
64227,155,104
64229,148,16
64232,9,15
64233,26,7
64234,6,6
64235,157,79
64236,210,31
64237,150,94
64238,28,31
64240,91,373
64243,23,14
64244,178,24
64245,22,22
64247,166,84
64248,95,32
64249,189,137
64250,88,17
64251,19,13
64253,76,29
64254,20,8
64256,805,93
64258,60,38
64259,30,8
64261,49,27
64263,11,13
64264,130,60
64265,40,9
64267,16,4
64268,188,33
64270,73,3
64273,16,48
64275,184,185
64276,88,62
64277,22,28
64278,10,13
64280,21,7
64283,445,108
64284,309,97
64285,50,15
64286,6,10
64288,61,57
64289,172,64
64290,92,14
64292,32,16
64295,40,59
64296,143,97
64297,58,17
64298,67,44
64299,42,30
64300,258,60
64301,24,4
64303,59,38
64304,24,8
64305,263,69
64306,151,75
64308,78,4
64310,172,55
64312,66,11
64315,10,3
64316,90,4
64317,150,9
64318,53,22
64319,67,6
64320,34,3
64321,49,10
64322,57,11
64323,147,58
64324,196,336
64325,177,34
64327,53,21
64330,54,25
64331,20,4
64332,28,7
64333,170,101
64335,44,11
64336,106,77
64339,37,28
64340,11,7
64341,12,202
64342,153,115
64343,53,33
64344,207,82
64345,199,60
64347,55,35
64348,47,11
64349,40,6
64350,172,13
64351,97,62
64353,9,3
64355,25,21
64361,1436,38
64362,191,20
64365,13,15
64367,7,4
64370,248,107
64371,21,11
64372,250,79
64373,135,23
64375,39,20
64376,383,111
64377,74,15
64378,50,6
64379,22,63
64380,972,254
64382,32,141
64386,32,109
64388,31,8
64389,14,21
64391,23,3
64392,48,9
64395,255,24
64396,22,19
64399,27,4
64400,49,15
64401,2428,"1,413"
64402,20,5
64403,88,48
64404,28,8
64405,200,8
64407,69,51
64408,178,24
64409,18,3
64410,59,5
64411,165,79
64413,203,78
64417,166,23
64419,114,71
64421,103,18
64422,53,8
64424,20,5
64425,40,36
64427,9,5
64432,240,48
64433,360,199
64434,9,47
64439,373,62
64440,85,7
64444,17,163
64447,83,57
64449,90,121
64453,355,76
64454,244,36
64456,13,17
64457,171,46
64458,143,69
64460,214,112
64463,134,64
64464,76,35
64465,12,7
64468,139,6
64469,44,16
64471,18,16
64472,65,24
64474,60,13
64475,136,102
64477,515,77
64478,35,34
64479,7,6
64480,19,114
64481,71,85
64482,165,31
64483,5,11
64484,29,4
64485,8,10
64487,25,4
64488,98,197
64489,77,304
64490,60,19
64491,101,8
64493,17,23
64494,964,"1,545"
64495,38,14
64496,662,223
64498,275,12
64499,138,81
64501,338,191
64502,379,53
64503,70,89
64505,43,24
64506,16,3
64507,57,90
64509,96,155
64514,72,10
64515,47,8
64517,29,3
64518,22,40
64520,25,7
64523,37,79
64526,463,311
64527,35,13
64528,35,7
64529,100,6
64530,130,14
64534,18,131
64535,74,8
64537,200,8
64538,36,23
64540,92,28
64541,36,14
64543,39,10
64545,51,44
64547,40,26
64549,37,18
64550,209,155
64552,107,56
64554,15,4
64555,271,186
64556,17,18
64557,31,17
64562,256,126
64563,94,10
64564,22,43
64568,230,138
64569,102,58
64571,65,28
64573,147,172
64575,38,57
64577,36,3
64581,573,367
64582,22,3
64583,33,7
64584,72,121
64585,597,291
64587,40,8
64590,144,8
64593,6,4
64594,42,7
64595,103,144
64596,166,43
64597,17,30
64599,25,14
64601,25,6
64606,57,26
64607,234,100
64608,130,12
64610,49,7
64611,276,40
64612,42,9
64614,179,24
64615,240,27
64616,495,17
64617,51,25
64619,358,311
64621,8,3
64623,27,40
64626,8,4
64627,36,8
64628,182,124
64631,298,408
64633,93,282
64634,437,128
64635,45,53
64637,160,3
64638,310,180
64639,40,145
64640,11,17
64641,107,39
64643,3926,"1,031"
64646,542,271
64648,25,10
64649,21,3
64650,48,32
64653,61,46
64654,266,91
64657,63,3
64659,37,14
64660,251,83
64661,34,3
64663,35,4
64664,110,128
64666,100,54
64668,191,93
64669,15,18
64670,143,322
64673,7,8
64674,71,14
64675,30,197
64678,12,21
64680,89,73
64682,44,14
64684,37,4
64689,1302,406
64690,27,22
64691,139,42
64696,83,48
64697,28,318
64698,23,15
64700,30,45
64701,70,14
64702,364,233
64704,0,58
64705,196,162
64706,64,44
64710,104,23
64711,90,16
64715,1157,824
64722,68,17
64723,667,91
64724,7,5
64725,24,22
64727,8,10
64729,36,6
64731,32,4
64732,12,3
64733,94,7
64734,186,99
64735,84,30
64736,37,116
64737,299,32
64738,7,4
64739,497,453
64740,15,3
64741,34,12
64745,7,3
64746,40,11
64747,550,163
64749,358,152
64750,100,3
64751,16,3
64752,30,8
64753,240,5
64754,143,9
64755,68,10
64757,42,13
64758,103,28
64760,52,7
64761,37,9
64762,28,15
64763,34,18
64764,94,68
64767,62,27
64768,30,7
64771,185,41
64776,11,7
64777,67,15
64779,87,8
64781,78,47
64783,46,28
64784,17,69
64786,115,34
64789,105,29
64790,239,85
64794,110,69
64800,37,6
64803,23,8
64804,56,15
64806,16,3
64811,69,16
64812,215,73
64813,123,15
64814,31,13
64816,28,10
64819,217,112
64820,40,12
64821,42,21
64824,76,371
64826,32,19
64829,1361,726
64833,350,211
64834,80,79
64835,72,23
64836,28,14
64837,40,3
64842,95,23
64844,104,3
64845,14,3
64848,8,4
64849,24,6
64853,302,83
64854,25,4
64856,39,85
64857,73,4
64861,22,17
64862,40,8
64863,156,52
64865,107,9
64866,52,6
64867,37,10
64870,36,16
64873,220,34
64875,49,24
64876,158,150
64877,76,94
64879,134,46
64882,62,27
64883,739,322
64884,201,97
64887,13,6
64888,26,61
64889,69,176
64892,22,112
64895,60,55
64897,14,70
64898,39,4
64899,37,9
64901,136,38
64902,211,168
64904,316,42
64905,232,89
64907,57,17
64910,20,4
64915,23,71
64916,8,18
64917,28,4
64919,68,100
64920,45,21
64921,90,15
64924,823,234
64931,700,12
64934,596,199
64935,107,7
64936,18,24
64938,51,17
64941,59,20
64942,80,74
64943,45,13
64944,468,217
64945,87,9
64946,157,31
64949,136,45
64950,20,10
64951,1775,192
64952,20,3
64953,226,57
64954,40,97
64956,9,7
64958,72,6
64960,40,24
64961,12,83
64969,24,15
64971,173,56
64973,29,37
64975,12,6
64976,75,44
64978,68,15
64980,22,9
64983,29,57
64985,195,84
64986,80,62
64987,35,11
64988,48,21
64989,80,9
64990,35,17
64993,487,202
65001,212,59
65005,4,33
65007,141,54
65010,89,30
65015,30,14
65016,107,33
65019,232,217
65022,34,19
65024,250,8
65025,42,9
65026,43,60
65027,33,14
65028,215,147
65031,45,30
65037,759,493
65039,9,27
65041,50,6
65045,253,7
65051,118,48
65053,122,39
65054,107,133
65055,169,131
65057,72,48
65062,96,31
65063,119,18
65066,174,38
65067,54,6
65069,200,71
65070,26,5
65074,10,4
65076,51,16
65078,54,10
65083,18,4
65086,234,11
65087,5,4
65088,12,4
65090,24,6
65093,61,14
65095,89,22
65097,68,14
65098,26,11
65100,124,115
65101,29,61
65102,154,141
65108,9,102
65111,33,10
65117,15,3
65119,21,148
65120,78,31
65127,78,80
65129,19,13
65142,107,109
65143,8,30
65145,31,29
65147,77,26
65149,50,16
65150,22,30
65151,32,5
65168,120,7
65172,213,170
65175,17,5
65179,102,97
65184,42,16
65186,8,17
65188,128,71
65195,265,57
65196,35,15
65198,55,69
65199,1101,49
65200,24,11
65205,25,3
65209,210,127
65215,54,11
65216,51,19
65220,20,26
65228,35,5
65230,98,20
65232,56,9
65235,12,15
65236,313,266
65240,9,8
65242,57,13
65245,93,80
65246,128,49
65249,12,49
65250,94,9
65257,16,11
65258,346,279
65260,180,17
65262,1397,108
65268,62,7
65269,210,32
65270,130,30
65271,60,31
65272,75,92
65279,20,3
65286,326,21
65290,13,4
65293,30,19
65296,125,52
65302,146,37
65304,310,58
65310,8,3
65314,30,14
65316,18,4
65319,20,16
65321,30,79
65323,127,88
65327,11,8
65330,4,3
65333,26,15
65334,42,14
65337,131,53
65341,36,7
65344,58,9
65353,42,19
65355,7,5
65363,31,9
65371,26,12
65373,169,81
65382,5,7
65387,10,15
65393,18,8
65397,43,66
65398,14,3
65399,25,6
65402,27,10
65414,284,210
65415,163,43
65421,228,33
65423,104,52
65427,36,4
65430,0,106
65437,482,686
65440,12,10
65448,19,12
65449,115,65
65461,76,55
65472,73,12
65473,142,33
65475,124,58
65477,9,6
65483,20,11
65484,85,31
65489,97,18
65490,51,24
65506,24,7
65507,13,14
65514,18,7
65521,33,7
65527,27,26
65542,90,30
65553,18,5
65554,45,17
65560,51,35
65564,165,72
65576,25,9
65577,71,104
65585,44,26
65589,193,70
65596,17,14
65600,44,21
65607,177,32
65608,16,3
65637,200,39
65653,4,9
65654,381,112
65655,166,116
65656,97,43
65657,18,4
65667,93,57
65672,13,3
65678,62,8
65683,1755,153
65687,19,35
65688,31,31
65689,24,25
65694,135,8
65698,9,7
65700,43,34
65701,10,14
65702,87,31
65708,53,45
65722,57,24
65727,77,18
65735,514,185
65736,34,10
65738,16,9
65742,111,8
65759,6,21
65762,1310,"1,049"
65771,171,35
65777,186,53
65778,12,4
65797,31,86
65800,45,15
65805,337,37
65806,237,41
65808,159,7
65812,127,26
65819,175,114
65839,334,70
65850,41,10
65867,179,20
65890,39,4
65904,107,60
70001,295,158
70002,63,5
70003,56,24
70004,22,7
70005,105,26
70006,25,33
70007,17,24
70009,12,6
70010,25,7
70013,7,19
70014,111,68
70015,246,21
70016,196,126
70017,684,542
70018,121,4
70020,221,133
70021,73,58
70022,96,96
70023,270,47
70024,152,86
70025,24,3
70026,50,29
70027,54,7
70028,115,24
70030,119,107
70032,114,14
70034,60,29
70035,67,26
70036,27,11
70037,337,3
70039,42,34
70040,112,70
70041,110,69
70043,40,9
70044,50,14
70045,71,23
70048,18,30
70049,21,10
70050,153,35
70051,83,41
70053,294,39
70054,100,53
70055,119,57
70056,41,209
70057,205,221
70058,356,8
70059,47,32
70060,40,25
70061,153,13
70063,65,4
70064,59,158
70065,29,3
70066,104,32
70067,525,38
70068,25,4
70069,39,8
70070,369,109
70073,207,50
70074,64,9
70075,125,24
70081,138,13
70082,209,176
70084,75,4
70085,102,6
70086,45,15
70087,451,77
70088,168,76
70090,200,31
70093,68,57
70095,45,17
70096,109,35
70097,65,10
70098,84,12
70103,61,33
70105,145,56
70106,326,41
70110,115,3
70111,22,4
70112,128,52
70113,17,10
70115,329,81
70116,79,25
70119,18,6
70120,59,10
70121,74,20
70122,404,3
70123,304,770
70124,1270,583
70125,215,25
70126,222,60
70127,268,37
70129,140,57
70131,41,19
70132,242,10
70133,111,41
70135,9,3
70136,51,47
70142,2009,191
70143,470,80
70144,37,21
70146,16,4
70147,90,25
70148,60,45
70150,63,34
70151,20,27
70152,865,224
70153,34,60
70154,112,3
70158,214,43
70159,78,24
70160,14,7
70161,65,5
70162,233,8
70163,65,8
70164,663,8
70165,61,18
70166,750,128
70167,23,5
70168,75,33
70169,264,11
70171,71,13
70172,23,12
70174,38,13
70176,33,18
70180,357,28
70183,150,197
70184,179,40
70186,36,20
70187,113,7
70188,96,11
70189,280,101
70190,25,7
70191,80,4
70192,34,3
70193,110,5
70194,544,6
70195,15,5
70196,139,30
70197,60,11
70199,340,17
70203,36,11
70204,199,16
70206,312,4
70207,208,37
70208,40,16
70209,253,123
70210,150,63
70211,48,8
70213,11,6
70217,238,32
70220,65,62
70221,51,4
70222,104,58
70224,4,6
70225,32,22
70226,59,7
70228,204,39
70229,42,4
70232,375,104
70233,33,7
70234,101,18
70235,368,158
70238,40,26
70239,112,65
70242,384,105
70243,139,57
70244,70,10
70245,100,5
70247,21,11
70248,244,15
70250,5,11
70252,89,33
70255,318,5
70256,61,25
70258,79,9
70260,728,125
70261,28,4
70263,143,164
70264,93,31
70265,25,29
70266,73,170
70272,600,156
70273,17,5
70274,77,23
70275,15,13
70276,336,31
70277,56,17
70278,152,50
70280,86,49
70283,102,18
70284,164,3
70285,75,84
70288,89,3
70289,45,28
70290,53,35
70291,369,78
70292,678,25
70293,12,3
70295,7,4
70297,67,58
70298,110,11
70299,198,22
70300,115,32
70301,158,53
70304,423,76
70306,370,227
70307,174,27
70308,234,46
70310,132,7
70311,50,9
70312,25,9
70313,161,73
70315,59,29
70316,215,123
70317,155,16
70318,9,3
70319,24,21
70320,229,49
70324,1854,96
70325,250,72
70327,213,85
70329,250,10
70335,47,4
70338,26,11
70339,219,53
70340,12,3
70341,114,65
70342,36,15
70345,25,4
70347,14,6
70348,29,12
70351,497,152
70357,59,25
70360,142,51
70361,76,10
70362,32,3
70363,48,21
70370,202,46
70372,200,78
70373,76,37
70374,95,23
70376,32,24
70377,97,14
70378,18,4
70379,72,8
70380,64,25
70381,54,12
70382,6,3
70383,91,16
70384,60,6
70385,29,20
70386,87,7
70388,75,37
70392,1125,13
70393,7,3
70397,40,9
70398,434,271
70401,30,12
70405,247,105
70406,79,19
70407,290,140
70409,176,92
70410,399,165
70412,147,66
70414,489,258
70417,53,12
70419,254,25
70420,44,18
70423,40,7
70425,63,7
70426,79,6
70427,43,37
70428,25,8
70429,12,6
70431,74,6
70432,10,4
70433,97,44
70434,312,48
70435,22,14
70436,251,87
70437,55,21
70438,359,30
70440,66,36
70443,4,8
70445,5,4
70446,97,21
70447,80,19
70448,504,76
70449,121,10
70450,130,56
70451,35,56
70452,101,55
70453,234,54
70455,85,20
70457,222,29
70459,418,64
70460,967,438
70462,98,24
70463,598,108
70464,18,41
70465,23,7
70467,28,18
70468,21,13
70470,23,4
70471,58,16
70472,501,20
70473,473,8
70474,41,14
70475,335,110
70477,62,11
70478,112,7
70479,40,9
70481,170,52
70484,20,4
70486,51,10
70488,135,10
70489,257,89
70490,441,24
70492,136,18
70494,625,206
70496,9,10
70497,15,5
70498,120,28
70500,451,191
70504,96,111
70505,379,105
70506,12,6
70507,146,100
70508,89,10
70509,21,7
70510,34,9
70511,53,24
70515,70,50
70517,127,28
70518,234,39
70520,3200,827
70521,37,31
70522,300,146
70525,110,3
70526,37,17
70527,101,14
70528,295,5
70530,47,8
70531,139,7
70533,50,19
70534,90,13
70536,243,35
70538,20,12
70539,207,31
70542,61,31
70544,181,19
70545,164,59
70546,5,5
70547,4,4
70550,24,3
70551,452,10
70554,26,5
70555,32,13
70556,250,69
70558,69,13
70561,43,3
70563,29,13
70564,5,19
70565,45,55
70566,32,3
70567,44,21
70568,212,46
70569,151,19
70570,256,35
70572,385,11
70574,78,31
70575,1000,199
70576,12,4
70579,179,56
70581,38,3
70582,179,62
70586,24,5
70587,50,105
70588,299,121
70589,14,5
70590,67,12
70592,333,165
70593,285,104
70594,43,5
70595,315,209
70596,50,32
70597,171,96
70598,42,8
70600,115,10
70603,71,84
70607,100,21
70609,8,3
70610,90,53
70611,302,14
70612,107,71
70613,694,90
70616,200,40
70617,200,27
70619,67,17
70621,35,94
70623,1423,241
70624,100,35
70626,95,29
70627,190,40
70628,61,3
70630,113,58
70634,12,3
70636,20,3
70637,50,23
70640,224,56
70645,113,20
70647,109,26
70650,200,17
70652,564,142
70655,69,11
70658,28,34
70659,11,9
70666,105,50
70668,54,10
70669,278,68
70670,46,5
70671,203,59
70672,847,50
70674,15,8
70675,716,117
70676,36,5
70677,173,4
70679,87,10
70680,109,26
70681,44,14
70682,14,9
70683,137,10
70684,140,53
70686,10,5
70687,20,3
70689,21,5
70690,82,16
70691,36,5
70694,20,11
70696,15,12
70697,31,3
70698,32,13
70703,64,68
70704,45,70
70707,121,25
70710,22,10
70711,28,3
70712,34,3
70714,62,39
70716,45,18
70717,43,8
70720,32,11
70722,177,23
70723,81,45
70724,117,23
70725,33,10
70728,56,13
70729,104,63
70734,371,33
70735,23,27
70737,204,17
70738,49,35
70740,600,73
70742,40,3
70744,245,120
70748,40,5
70750,11,6
70752,256,51
70753,166,77
70756,23,4
70758,75,7
70761,24,16
70763,10,5
70764,170,5
70765,135,23
70766,63,79
70767,42,270
70768,6,3
70775,33,11
70776,219,132
70777,80,7
70779,520,178
70780,102,14
70781,76,26
70782,23,5
70784,315,349
70788,169,21
70789,599,59
70791,121,37
70794,54,4
70795,83,4
70796,23,5
70797,43,4
70798,15,6
70805,480,66
70806,600,170
70807,73,112
70808,103,28
70810,9,11
70811,169,74
70812,156,39
70813,236,119
70814,53,91
70820,68,18
70821,23,25
70823,136,61
70825,7,5
70826,26,12
70827,96,29
70832,12,3
70833,14,3
70834,52,9
70836,16,5
70837,130,31
70838,231,35
70839,244,93
70841,18,9
70842,50,13
70848,147,24
70849,12,9
70850,261,66
70851,68,8
70852,103,20
70854,188,50
70857,175,40
70859,8,3
70865,15,8
70867,27,28
70870,38,10
70873,74,19
70879,233,40
70880,37,19
70881,61,9
70882,73,97
70883,10,8
70885,23,6
70887,32,17
70889,60,26
70891,20,9
70892,17,6
70897,30,21
70902,24,4
70903,1344,597
70907,9,37
70908,4,3
70909,14,6
70910,121,51
70911,23,15
70912,105,6
70913,95,14
70914,382,211
70915,28,7
70916,80,3
70918,130,4
70919,45,7
70923,82,41
70924,53,34
70926,37,17
70927,64,16
70930,10,4
70931,143,13
70934,154,22
70935,97,27
70936,16,4
70937,87,30
70939,22,7
70940,56,16
70945,53,14
70947,20,4
70948,1085,20
70950,29,9
70954,13,9
70957,43,6
70959,101,36
70960,98,31
70961,61,38
70963,39,9
70964,101,11
70966,119,3
70968,886,199
70969,45,11
70970,129,257
70971,20,4
70972,43,14
70974,34,15
70975,243,75
70978,213,24
70981,127,24
70984,374,130
70985,34,3
70986,20,10
70988,196,38
70989,151,32
70993,220,104
70994,177,46
70995,3,6
70996,6,3
70999,60,14
71000,191,15
71003,40,4
71004,160,101
71008,28,4
71009,36,15
71010,43,5
71012,251,57
71013,48,12
71018,40,71
71020,9,29
71021,17,13
71022,65,64
71023,236,30
71026,11,3
71028,88,22
71030,20,4
71031,4,5
71032,32,100
71033,40,5
71035,90,16
71036,15,3
71037,156,33
71040,50,27
71043,2500,191
71044,235,59
71045,36,9
71046,165,28
71047,6,4
71048,57,12
71049,19,13
71050,60,17
71053,28,20
71054,445,115
71055,49,11
71056,226,136
71058,242,9
71059,28,4
71060,21,15
71061,21,16
71062,104,24
71064,67,33
71065,55,22
71067,120,76
71071,76,43
71072,24,3
71077,734,313
71078,110,8
71079,38,22
71081,16,12
71082,150,133
71084,117,12
71085,40,7
71088,20,19
71090,10,5
71095,9,5
71101,67,37
71103,86,22
71106,15,22
71108,0,16
71111,312,10
71114,72,21
71116,252,58
71117,37,20
71118,43,19
71119,159,68
71120,52,7
71123,228,53
71125,39,10
71127,30,37
71129,25,5
71131,79,26
71132,1897,308
71134,27,3
71136,8,14
71137,51,18
71139,27,9
71140,346,272
71141,51,28
71143,17,4
71149,353,106
71152,347,359
71153,73,8
71155,42,19
71157,28,21
71158,300,6
71160,75,8
71161,38,9
71162,49,9
71164,176,47
71166,30,4
71167,39,12
71168,65,11
71169,8,3
71170,153,99
71171,110,8
71172,38,98
71173,15,3
71174,2000,76
71175,45,14
71177,277,45
71179,17,3
71181,172,72
71182,10,5
71184,186,82
71185,105,40
71186,24,18
71187,20,7
71188,265,158
71189,55,9
71193,631,362
71194,340,41
71196,55,23
71199,243,126
71201,156,59
71202,224,210
71203,40,6
71205,246,194
71206,101,41
71207,263,144
71208,355,167
71210,306,96
71211,122,11
71212,61,26
71216,180,24
71217,34,14
71219,149,31
71221,16,13
71222,97,24
71224,73,43
71225,136,24
71226,180,76
71228,291,74
71229,134,17
71231,42,19
71236,149,12
71237,52,30
71242,122,193
71243,46,3
71245,161,22
71246,103,37
71247,119,19
71248,6,58
71249,1268,364
71251,17,5
71255,550,21
71256,75,21
71260,90,31
71263,1906,612
71265,63,35
71267,1046,357
71268,33,19
71269,25,4
71270,16,20
71272,7488,206
71273,40,5
71274,38,5
71278,21,8
71283,46,10
71287,86,392
71289,15,7
71291,222,86
71292,230,36
71293,50,6
71298,151,54
71300,60,7
71305,203,78
71309,106,35
71310,248,22
71313,145,61
71316,62,47
71318,43,19
71320,50,18
71321,4,33
71327,196,35
71329,268,186
71330,144,24
71332,20,4
71333,133,20
71334,21,72
71339,33,4
71342,128,11
71343,136,42
71344,79,13
71345,51,37
71347,128,43
71348,25,14
71351,171,102
71354,35,13
71355,59,7
71357,239,16
71358,30,16
71361,164,102
71363,205,20
71366,439,16
71368,124,72
71369,11,4
71370,70,54
71371,91,9
71373,3,5
71374,347,22
71376,47,7
71377,142,6
71378,683,17
71380,181,3
71386,47,20
71389,108,30
71391,5,7
71392,104,21
71395,58,33
71398,956,108
71400,540,4
71401,19,13
71402,90,17
71403,372,183
71405,56,10
71406,52,60
71407,41,32
71409,48,12
71410,155,132
71412,21,6
71414,180,17
71416,136,16
71417,8,5
71418,24,10
71424,565,207
71427,193,61
71430,157,37
71431,61,6
71433,188,7
71435,159,7
71437,25,9
71438,98,25
71441,207,13
71442,76,51
71445,31,3
71446,742,10
71447,481,180
71449,49,18
71450,16,11
71451,19,8
71453,72,9
71455,130,12
71457,39,9
71458,131,33
71459,800,157
71460,94,61
71461,30,6
71462,65,16
71465,23,18
71470,127,6
71471,221,23
71473,15,11
71476,106,21
71478,46,16
71479,41,23
71480,133,73
71482,491,99
71484,47,26
71485,33,7
71487,38,5
71491,44,11
71493,54,10
71495,400,6
71497,35,22
71499,760,13
71500,55,13
71501,1342,274
71502,49,11
71505,767,108
71507,40,9
71510,77,15
71513,106,6
71517,31,10
71518,76,13
71519,136,20
71520,62,13
71522,49,8
71523,78,64
71524,35,166
71525,85,45
71526,437,217
71527,130,4
71528,15,7
71529,455,20
71530,446,14
71531,67,8
71532,544,18
71534,91,64
71535,160,111
71536,132,90
71537,12,3
71539,16,5
71547,188,7
71548,170,4
71551,292,46
71554,39,46
71563,15,3
71565,147,12
71569,160,34
71570,20,17
71572,1860,236
71575,81,7
71576,114,18
71578,37,7
71581,144,28
71583,100,5
71586,179,7
71587,213,18
71593,14,44
71594,712,104
71595,340,96
71598,64,20
71599,135,16
71600,504,19
71601,85,9
71602,79,16
71605,270,107
71608,4,4
71609,5,4
71610,310,68
71611,257,7
71614,111,27
71618,1183,300
71624,56,19
71625,100,12
71626,48,38
71627,52,7
71632,46,27
71635,340,79
71637,5,3
71638,50,6
71640,17,23
71642,37,19
71644,87,59
71645,32,8
71647,90,19
71648,29,8
71650,215,23
71652,39,38
71655,84,13
71656,35,40
71658,74,12
71659,65,9
71660,92,14
71661,4,4
71662,144,259
71663,211,140
71664,64,17
71666,39,34
71668,22,56
71670,360,42
71671,396,45
71674,137,3
71676,59,10
71677,3,3
71678,394,164
71679,37,29
71680,50,11
71681,50,3
71682,321,50
71683,260,54
71684,8,3
71685,79,6
71686,223,41
71688,272,154
71691,35,7
71692,40,7
71693,277,83
71697,312,328
71698,246,30
71699,317,82
71700,3,7
71702,1919,447
71704,30,4
71705,290,90
71707,644,322
71710,61,7
71713,47,25
71716,54,9
71717,25,10
71719,19,5
71720,197,120
71721,27,12
71722,130,91
71725,1388,439
71726,85,13
71727,213,85
71729,30,5
71732,69,12
71736,25,5
71738,61,35
71739,79,24
71742,120,10
71743,269,61
71746,29,8
71751,417,6
71752,15,3
71753,30,20
71754,119,60
71755,254,50
71756,70,17
71759,3100,93
71760,34,16
71761,59,18
71763,1350,22
71764,149,51
71765,21,6
71768,118,13
71770,40,47
71772,127,29
71773,46,58
71775,38,34
71777,259,73
71778,127,32
71779,35,10
71782,39,17
71783,310,75
71784,6,12
71786,254,95
71787,45,9
71790,125,224
71794,409,30
71796,36,5
71797,333,18
71798,28,6
71799,51,14
71800,67,46
71801,60,123
71802,91,49
71803,377,10
71805,131,3
71806,100,11
71807,125,52
71808,14,7
71810,243,15
71811,75,20
71812,127,7
71814,6,5
71815,14,4
71819,378,72
71820,86,3
71821,26,13
71822,220,131
71823,8,5
71825,79,11
71830,300,36
71831,303,84
71834,29,22
71837,6,10
71839,20,3
71841,78,36
71842,19,5
71844,125,68
71845,40,33
71846,63,7
71847,61,25
71849,18,7
71850,54,10
71854,64,5
71857,21,6
71859,146,33
71862,15,8
71866,170,61
71867,45,15
71871,28,127
71872,105,10
71874,100,19
71875,71,10
71876,65,110
71877,67,37
71880,262,30
71881,30,3
71882,315,73
71886,13,3
71888,214,96
71893,22,4
71894,103,13
71896,189,30
71897,16,64
71899,28,5
71901,90,16
71902,74,14
71905,49,5
71906,52,3
71907,166,9
71908,20,68
71913,86,10
71914,46,38
71919,854,61
71920,40,54
71922,78,6
71924,130,61
71926,161,39
71929,40,31
71930,236,45
71931,30,5
71934,106,67
71935,68,24
71937,162,5
71938,187,20
71940,63,4
71941,131,38
71942,16,12
71945,219,48
71947,50,102
71949,121,8
71952,1401,"1,480"
71955,62,8
71957,47,13
71958,177,23
71959,37,5
71960,50,18
71961,12,15
71962,34,31
71965,120,38
71966,45,10
71969,210,46
71970,47,8
71975,56,22
71977,33,4
71978,218,40
71979,80,15
71980,125,20
71983,24,14
71985,360,168
71986,288,5
71988,36,8
71991,92,7
71992,70,26
71993,34,12
71994,300,141
71997,60,56
71998,300,48
71999,107,5
72000,330,25
72003,123,21
72004,10,6
72005,56,5
72011,18,67
72013,375,25
72015,3,3
72017,132,11
72019,120,5
72022,634,5
72023,200,22
72024,45,25
72027,27,7
72029,624,91
72030,118,74
72031,96,8
72033,157,57
72035,96,5
72038,150,9
72040,72,34
72041,54,9
72048,51,26
72050,267,30
72051,70,28
72053,264,239
72054,50,6
72056,353,43
72057,0,3
72058,213,141
72060,128,30
72062,46,4
72063,32,17
72065,215,82
72066,36,17
72069,79,9
72070,47,5
72072,46,15
72073,19,5
72074,120,17
72075,170,47
72078,17,7
72079,73,4
72083,575,116
72085,10,3
72086,28,5
72087,118,4
72089,44,5
72091,21,5
72092,150,15
72095,73,4
72098,392,169
72099,219,28
72100,35,71
72101,112,43
72102,13,3
72105,17,8
72108,50,4
72109,157,78
72112,204,13
72113,80,26
72117,157,171
72120,100,14
72121,2584,421
72123,133,9
72125,62,4
72126,56,7
72127,3,6
72128,106,291
72129,50,26
72130,127,49
72133,27,3
72134,238,77
72135,246,54
72138,65,42
72139,377,101
72143,35,6
72144,422,155
72147,63,17
72149,70,27
72150,300,90
72153,1200,54
72155,12,5
72156,187,72
72157,11,6
72158,36,7
72159,47,10
72160,24,3
72161,8,6
72163,140,73
72165,115,29
72167,20,127
72168,169,46
72169,17,6
72170,554,72
72171,231,202
72177,109,27
72178,26,5
72180,73,10
72182,51,12
72184,250,49
72186,85,13
72187,174,22
72189,35,11
72190,12,11
72192,551,238
72194,35,7
72195,120,9
72196,11,6
72198,52,11
72199,152,63
72201,176,63
72202,205,64
72204,268,33
72206,15,4
72207,88,16
72209,39,10
72210,146,6
72211,205,25
72212,394,31
72213,354,213
72214,7,3
72217,11,5
72221,80,14
72222,106,12
72223,37,23
72224,18,4
72227,46,4
72228,8,4
72230,29,17
72231,83,35
72234,171,69
72235,85,12
72238,928,37
72241,123,18
72242,21,5
72246,350,63
72250,272,106
72251,231,60
72252,17,5
72253,104,168
72256,42,21
72257,70,13
72259,211,24
72261,56,280
72265,168,6
72266,7,4
72270,106,9
72271,250,63
72272,47,12
72273,295,60
72276,145,110
72278,72,89
72279,149,27
72280,71,21
72282,112,28
72285,55,17
72286,40,31
72288,998,34
72290,1500,51
72291,36,40
72292,20,7
72294,52,29
72295,61,4
72296,41,13
72297,93,4
72298,67,3
72300,65,15
72301,34,3
72304,263,84
72305,16,4
72307,151,10
72308,51,13
72309,34,7
72311,46,7
72313,10,16
72314,173,13
72319,762,384
72324,60,145
72326,3,5
72329,52,4
72331,88,6
72333,37,43
72334,30,4
72336,76,20
72337,14,3
72340,42,16
72342,101,54
72343,30,14
72344,21,7
72348,142,80
72349,48,5
72353,19,3
72361,35,23
72362,13,5
72365,4,3
72366,60,14
72371,165,27
72373,104,7
72374,55,3
72375,57,45
72378,108,4
72379,250,93
72380,11,5
72381,30,5
72384,64,11
72385,34,27
72386,22,12
72388,120,54
72390,57,3
72391,6,3
72392,158,17
72393,70,5
72394,116,114
72395,369,54
72397,202,203
72398,164,5
72402,240,134
72403,28,16
72405,36,5
72407,30,4
72408,30,13
72411,424,83
72412,125,54
72414,138,32
72416,23,3
72419,95,44
72421,25,25
72422,12,3
72424,65,3
72425,42,9
72426,8,4
72428,37,12
72429,47,4
72430,108,24
72431,34,3
72435,151,15
72436,36,3
72443,15,7
72444,46,5
72445,6,3
72448,80,34
72449,15,4
72450,55,9
72452,16,7
72453,71,10
72454,104,18
72456,82,9
72462,300,85
72464,18,4
72465,150,44
72467,36,7
72468,186,44
72469,27,4
72472,231,25
72473,68,90
72474,45,9
72478,78,7
72480,5,8
72483,57,43
72484,66,14
72485,20,12
72487,8,10
72489,26,15
72490,307,114
72491,242,13
72495,38,35
72496,86,15
72497,330,17
72498,13,6
72500,232,60
72502,35,9
72504,325,112
72506,21,7
72509,90,17
72512,13,9
72516,40,6
72517,25,33
72518,103,28
72519,820,254
72520,93,32
72524,53,30
72529,197,31
72530,37,25
72531,232,68
72534,143,37
72538,121,34
72540,88,39
72543,78,54
72544,756,274
72548,370,135
72550,75,14
72553,410,28
72555,12,15
72563,133,17
72564,30,7
72565,132,18
72566,19,5
72570,54,9
72572,737,27
72574,18,8
72575,856,440
72581,461,78
72582,995,106
72584,268,11
72585,1300,882
72586,102,10
72589,56,30
72590,86,42
72593,128,11
72594,125,78
72595,16,3
72596,48,30
72597,397,67
72599,23,11
72600,192,16
72609,99,4
72610,46,36
72611,369,43
72615,33,9
72618,40,8
72622,27,4
72623,170,21
72624,39,21
72625,40,6
72626,100,17
72628,11,39
72631,20,4
72632,350,106
72635,32,4
72636,48,9
72638,263,205
72639,158,19
72640,45,6
72643,291,8
72648,30,5
72649,168,67
72650,30,6
72651,6,3
72654,52,52
72655,92,21
72657,253,99
72658,80,5
72659,200,84
72660,15,9
72662,48,17
72664,60,4
72668,112,31
72670,186,12
72671,40,13
72672,248,32
72674,184,70
72681,135,11
72683,82,21
72686,32,11
72688,50,4
72689,6,3
72691,247,32
72692,69,9
72696,13,4
72700,50,7
72702,225,144
72704,1707,9
72706,67,36
72707,61,9
72708,43,7
72711,43,8
72712,71,35
72715,23,8
72717,13,3
72718,117,191
72721,154,177
72723,229,42
72730,14,7
72731,26,11
72732,70,3
72734,168,13
72735,105,27
72736,778,195
72739,81,3
72740,24,18
72742,10,62
72743,192,17
72745,15,9
72746,58,30
72748,4742,"3,429"
72751,170,42
72757,247,48
72759,108,12
72760,319,77
72761,17,3
72763,213,29
72764,1259,771
72768,32,7
72769,63,20
72770,51,30
72772,22,27
72773,5,16
72774,7,4
72775,23,8
72777,130,97
72778,417,62
72781,515,61
72782,21,4
72784,71,5
72785,106,35
72789,144,8
72791,37,8
72798,22,3
72799,89,17
72800,215,64
72803,222,3
72804,12,3
72805,488,51
72808,11,23
72811,70,8
72813,24,8
72815,441,86
72816,64,18
72818,18,62
72819,34,12
72820,48,4
72821,198,11
72822,155,8
72824,8,3
72826,30,5
72827,97,10
72830,53,3
72834,38,6
72838,42,7
72839,69,4
72841,23,4
72843,31,24
72846,89,7
72847,150,15
72848,11,15
72849,3,3
72851,456,38
72854,10,5
72855,435,198
72857,11,7
72858,20,5
72860,44,114
72861,250,535
72862,45,18
72863,180,7
72865,320,38
72866,42,4
72867,37,11
72869,26,4
72870,284,44
72871,120,34
72873,243,125
72874,7,3
72876,78,13
72877,135,8
72879,27,9
72880,248,142
72885,29,5
72886,26,3
72887,200,96
72888,1014,204
72889,62,3
72892,54,37
72893,112,16
72898,193,49
72900,55,16
72904,282,181
72910,77,7
72911,38,23
72912,229,47
72913,22,5
72914,221,24
72922,10,4
72923,67,123
72924,67,13
72929,1005,296
72931,15,3
72933,128,172
72934,149,80
72935,98,23
72936,8,3
72937,576,131
72938,157,69
72943,336,14
72944,29,4
72946,5,5
72950,50,4
72951,25,3
72958,28,5
72961,111,3
72963,43,18
72964,42,25
72969,49,7
72972,154,9
72977,203,33
72978,338,80
72979,82,11
72980,126,29
72981,156,12
72987,69,11
72988,121,22
72989,45,14
72992,70,3
72995,140,7
72998,125,54
73001,93,3
73002,220,27
73003,10,5
73007,29,4
73010,238,11
73011,28,3
73013,80,24
73014,3,19
73016,21,3
73017,406,341
73020,51,5
73026,41,14
73028,48,4
73032,46,12
73035,186,20
73036,90,18
73040,54,25
73042,8,6
73043,76,18
73046,12,4
73052,16,6
73054,205,19
73056,85,29
73059,8,4
73062,9,11
73064,30,3
73065,365,42
73067,2,4
73069,35,43
73072,184,18
73073,60,11
73075,186,26
73078,108,101
73079,41,18
73082,40,10
73087,19,24
73094,200,79
73095,740,147
73097,103,21
73098,37,6
73102,305,164
73105,138,13
73106,16,5
73111,160,14
73112,161,15
73118,63,7
73120,47,6
73121,121,84
73123,202,78
73124,5,4
73125,79,19
73126,629,13
73127,108,23
73128,73,19
73133,331,100
73135,20,16
73138,29,8
73144,28,18
73146,3,6
73149,78,20
73153,104,50
73155,90,64
73156,105,9
73158,78,6
73159,12,11
73164,731,72
73166,55,6
73167,73,3
73170,41,5
73173,96,24
73174,59,26
73183,122,16
73184,61,44
73187,42,12
73189,143,48
73191,19,6
73193,45,25
73194,190,49
73196,12,5
73197,67,5
73198,350,165
73202,123,10
73203,93,10
73206,202,73
73210,148,8
73211,29,15
73213,387,28
73214,50,4
73215,51,26
73216,23,7
73218,40,12
73220,75,13
73221,145,10
73229,47,5
73230,128,23
73233,104,35
73236,22,8
73238,6,5
73239,120,4
73242,5,3
73243,18,39
73244,204,74
73245,7,19
73246,32,7
73248,78,11
73249,1500,173
73251,125,18
73252,76,58
73253,387,28
73256,200,34
73257,166,25
73261,96,14
73262,65,5
73263,32,4
73264,200,87
73268,95,16
73272,21,4
73274,43,5
73277,62,5
73280,20,4
73281,84,24
73288,44,3
73289,60,14
73290,95,8
73292,27,3
73293,1146,289
73294,9,3
73295,10,5
73297,90,23
73299,30,28
73303,686,244
73307,27,10
73308,88,5
73309,74,42
73310,80,41
73312,176,52
73314,730,6
73315,12,4
73316,19,3
73317,10,9
73321,32,25
73324,104,3
73325,211,57
73327,15,4
73330,108,68
73331,240,8
73333,425,130
73336,360,164
73338,259,109
73339,135,74
73341,147,12
73342,33,10
73343,126,7
73344,67,4
73345,70,3
73352,5,3
73354,356,41
73355,71,3
73357,100,214
73358,196,18
73359,29,19
73360,53,9
73362,84,15
73366,137,37
73370,163,32
73371,5,3
73373,47,16
73375,79,30
73378,4,4
73379,210,49
73380,26,4
73381,86,7
73382,18,10
73385,46,5
73390,101,5
73391,43,4
73392,40,4
73394,18,11
73396,100,31
73397,56,31
73398,40,5
73400,199,53
73403,35,3
73405,62,5
73409,149,72
73411,140,30
73412,66,89
73414,111,9
73417,99,29
73418,24,5
73420,388,39
73425,8,3
73426,10,3
73427,45,22
73428,114,13
73429,193,68
73431,111,59
73432,100,33
73434,17,3
73437,37,9
73441,346,419
73443,34,3
73444,24,3
73445,55,15
73446,38,29
73447,15,4
73448,56,166
73450,48,4
73453,144,32
73455,50,10
73459,51,3
73460,113,9
73461,149,23
73465,129,53
73466,212,83
73468,220,82
73470,346,27
73476,61,4
73477,73,13
73480,36,9
73481,760,129
73484,13,3
73488,20,4
73489,81,30
73490,147,47
73491,97,5
73493,308,58
73494,50,5
73495,18,3
73497,57,164
73500,56,32
73506,40,3
73507,255,14
73509,23,7
73513,194,89
73515,191,32
73516,24,3
73518,10,3
73519,22,6
73520,157,56
73524,130,6
73525,36,9
73532,93,80
73533,54,31
73534,31,8
73535,20,7
73538,251,13
73539,189,77
73541,68,9
73542,370,38
73543,130,98
73545,250,25
73546,170,66
73549,29,3
73552,225,90
73553,12,6
73555,38,11
73556,82,39
73558,40,38
73562,255,75
73563,13,8
73564,16,5
73568,40,7
73573,27,5
73574,138,160
73575,50,5
73577,10,6
73581,566,26
73582,48,4
73583,7,4
73584,188,9
73585,15,20
73586,93,13
73587,204,6
73590,15,18
73591,1221,39
73592,74,5
73593,37,22
73594,24,4
73595,138,18
73596,133,68
73603,41,9
73604,21,8
73605,21,9
73609,68,4
73612,3,3
73614,100,20
73616,116,7
73618,81,8
73620,107,25
73621,338,316
73622,50,3
73623,8,5
73627,106,29
73632,44,4
73635,99,5
73637,50,6
73638,25,12
73639,7,4
73640,27,8
73641,52,87
73642,855,200
73644,500,215
73646,60,13
73652,137,20
73656,45,28
73657,79,9
73663,28,13
73664,276,91
73666,75,36
73668,53,8
73670,58,37
73676,359,35
73679,24,7
73681,107,49
73682,64,32
73689,266,25
73690,53,6
73695,100,15
73698,22,25
73700,213,56
73701,550,134
73703,119,12
73704,38,14
73706,28,17
73709,20,19
73711,66,10
73712,47,40
73719,10,3
73725,158,11
73726,48,6
73734,14,6
73740,53,34
73742,182,112
73745,17,5
73746,19,11
73754,9,16
73757,20,96
73758,73,7
73760,215,54
73762,24,41
73765,7,6
73767,60,5
73771,1861,159
73774,32,10
73775,42,6
73781,24,5
73782,350,24
73790,143,33
73791,12,4
73792,35,30
73793,47,17
73794,21,4
73795,25,3
73797,29,3
73798,176,85
73800,10,3
73802,40,4
73805,63,4
73806,100,8
73810,15,6
73813,47,106
73814,146,11
73817,34,6
73821,56,18
73822,144,42
73824,274,200
73828,84,14
73832,5,3
73833,131,70
73836,219,134
73843,115,179
73845,48,3
73847,15,6
73849,24,6
73854,91,23
73857,310,94
73860,4,4
73861,56,3
73862,48,15
73872,71,8
73873,168,25
73875,73,11
73880,23,3
73881,147,74
73883,14,6
73885,172,118
73887,36,17
73888,126,28
73889,360,126
73892,225,38
73900,72,4
73903,236,131
73904,185,181
73906,152,25
73907,127,41
73909,28,13
73910,185,5
73912,22,8
73913,31,16
73915,55,19
73916,5,3
73923,118,7
73924,707,4
73926,241,4
73928,35,3
73931,24,11
73932,37,3
73933,126,10
73934,317,25
73935,170,6
73936,125,74
73938,61,3
73945,112,7
73946,115,29
73947,13,6
73949,380,143
73952,127,13
73954,139,3
73956,14,10
73957,310,91
73958,200,3
73960,12,3
73962,158,42
73966,50,9
73967,16,15
73969,49,30
73970,30,9
73971,17,3
73975,18,9
73976,17,3
73980,368,137
73981,375,118
73982,126,26
73984,38,26
73987,79,12
73988,6,3
73991,96,10
73992,436,104
73993,50,12
73994,75,12
73996,109,84
73999,49,9
74001,250,29
74003,20,3
74006,47,33
74008,28,20
74010,43,27
74013,67,29
74014,30,20
74017,59,22
74018,250,56
74019,76,4
74020,24,4
74022,10,6
74023,17,10
74025,8,3
74026,58,17
74027,7,3
74028,5,4
74033,51,38
74038,140,31
74039,41,5
74041,93,9
74042,52,34
74050,121,13
74051,26,7
74053,20,7
74054,26,35
74055,12,5
74058,9,6
74060,94,23
74063,180,22
74064,140,28
74065,76,35
74068,180,69
74069,101,27
74071,72,22
74072,3,3
74075,57,15
74077,8,3
74078,39,9
74080,65,29
74082,172,12
74085,17,43
74086,332,117
74088,10,6
74091,20,5
74105,18,7
74109,85,24
74110,262,89
74111,567,116
74112,18,7
74117,120,36
74121,38,7
74123,140,55
74124,36,4
74126,71,15
74131,187,31
74133,68,13
74134,91,14
74138,61,20
74140,6,4
74141,106,10
74142,50,10
74144,345,21
74146,14,3
74148,304,47
74150,112,6
74155,32,12
74156,83,29
74159,955,19
74161,90,26
74164,6,15
74169,59,6
74170,242,61
74171,76,37
74172,40,4
74174,200,3
74175,610,141
74176,125,4
74178,21,9
74179,35,11
74180,77,6
74181,83,13
74183,68,4
74185,13,82
74187,225,3
74189,249,4
74195,60,8
74197,34,18
74202,100,10
74203,141,8
74204,65,19
74205,12,4
74206,184,20
74209,183,53
74211,5,6
74215,52,14
74218,33,16
74219,450,80
74222,41,17
74227,899,24
74237,92,42
74238,648,68
74239,15,8
74240,122,7
74242,42,33
74243,14,5
74247,12,10
74250,16,3
74252,28,6
74255,103,65
74257,2207,32
74258,34,8
74259,240,23
74260,24,3
74266,23,11
74267,163,36
74269,47,9
74271,32,6
74272,40,66
74274,283,46
74275,127,29
74277,43,7
74279,39,3
74280,230,120
74281,1079,72
74284,42,5
74285,146,19
74286,77,8
74287,148,9
74288,337,176
74290,47,21
74292,106,23
74293,135,5
74296,65,9
74299,40,3
74305,194,7
74306,20,8
74307,7,11
74313,158,86
74316,12,4
74318,111,178
74319,26,20
74322,28,6
74325,16,4
74326,15,24
74328,45,4
74329,27,6
74332,114,23
74335,10,3
74336,162,270
74337,131,20
74339,484,17
74347,120,96
74348,180,8
74349,85,12
74350,5,5
74351,38,9
74352,321,150
74354,400,117
74356,28,3
74357,90,8
74359,37,11
74363,4,5
74367,17,6
74372,3,3
74373,15,10
74377,109,164
74379,44,5
74382,286,113
74384,91,163
74385,12,7
74387,34,9
74389,46,6
74390,155,97
74394,3,4
74396,20,3
74397,38,17
74408,8,4
74411,44,6
74412,1106,145
74414,7,3
74416,98,5
74419,21,5
74420,5,9
74422,838,150
74428,60,5
74429,95,20
74431,26,23
74432,90,13
74435,80,19
74441,16,5
74443,11,4
74452,32,8
74453,58,16
74454,4,3
74455,36,3
74457,110,5
74460,15,3
74461,115,4
74463,82,13
74464,92,44
74466,119,52
74467,40,4
74468,160,17
74481,34,7
74483,85,10
74484,276,189
74486,169,108
74487,25,14
74489,22,13
74491,51,62
74495,200,4
74505,90,24
74507,245,59
74509,54,8
74510,5,4
74516,110,9
74517,333,12
74518,71,27
74523,20,46
74524,48,10
74525,375,33
74526,114,67
74530,97,13
74532,36,14
74533,50,4
74534,108,79
74536,57,8
74537,70,4
74538,80,4
74539,22,6
74540,181,6
74541,38,5
74542,14,8
74543,139,55
74545,249,36
74546,258,42
74548,202,29
74550,15,7
74551,9,4
74552,27,3
74555,61,14
74556,22,3
74558,140,147
74559,350,158
74561,290,33
74562,160,32
74563,69,8
74565,156,49
74568,209,22
74570,110,47
74573,43,14
74576,85,21
74577,63,7
74578,114,12
74580,116,51
74582,111,13
74584,7,3
74585,74,23
74586,63,4
74588,73,5
74589,181,50
74591,152,19
74593,1763,"1,163"
74594,152,27
74596,58,10
74598,40,9
74600,213,184
74604,82,6
74605,60,5
74606,202,25
74607,59,5
74608,7,3
74609,11,14
74610,902,268
74617,206,12
74618,39,4
74619,12,3
74621,20,6
74625,63,46
74627,20,5
74630,88,34
74631,680,5
74636,50,20
74637,37,7
74638,230,74
74642,230,32
74643,11,42
74644,30,6
74647,93,11
74648,25,6
74649,496,33
74651,331,25
74654,22,23
74657,462,199
74658,25,11
74659,64,14
74661,57,3
74662,73,68
74663,77,8
74672,200,34
74673,3,5
74674,44,12
74675,49,4
74676,13,4
74680,89,75
74682,36,12
74688,500,244
74691,26,14
74693,258,67
74694,202,93
74695,8,7
74696,12,5
74698,235,168
74702,75,16
74703,23,5
74707,224,16
74709,574,268
74710,25,3
74712,15,7
74713,12,4
74714,27,4
74715,20,60
74716,30,5
74717,90,17
74719,20,4
74720,52,17
74723,19,7
74726,31,15
74727,70,16
74729,40,19
74730,120,10
74731,495,26
74741,210,16
74743,6,4
74747,12,4
74748,21,12
74752,4,3
74755,27,3
74759,155,21
74761,150,40
74762,521,234
74768,122,91
74770,27,32
74771,26,11
74773,63,6
74774,92,4
74775,27,11
74776,40,3
74778,108,35
74782,26,17
74783,75,23
74784,1079,3
74788,6,5
74789,13,5
74793,68,51
74796,35,23
74797,166,50
74798,15,11
74799,18,16
74800,40,9
74803,14,4
74808,79,5
74809,2070,5
74812,42,3
74813,106,27
74814,55,10
74815,60,9
74820,8,3
74821,16,8
74823,99,18
74824,46,12
74827,130,6
74829,30,10
74832,55,12
74833,159,10
74834,10,3
74836,57,29
74839,330,5
74840,150,41
74847,58,41
74849,436,30
74850,94,55
74852,111,11
74855,198,5
74857,193,83
74858,25,23
74859,94,93
74860,20,3
74863,77,4
74869,123,25
74874,87,147
74876,22,7
74879,84,13
74880,37,24
74881,37,5
74882,68,16
74884,178,37
74885,40,19
74887,8,6
74889,11,3
74890,65,18
74891,9,4
74892,38,19
74893,234,55
74895,148,10
74899,80,7
74901,861,233
74902,112,5
74903,35,11
74908,181,6
74909,23,14
74910,25,6
74914,18,3
74915,344,4
74916,272,44
74918,80,14
74919,1194,"1,310"
74920,14,6
74921,5,4
74924,3501,72
74927,1200,157
74929,36,26
74934,8,20
74938,111,14
74939,65,13
74940,1867,569
74941,31,6
74942,54,10
74944,98,47
74945,43,7
74947,20,11
74948,29,23
74952,135,70
74953,305,196
74955,19,5
74958,482,105
74960,82,23
74961,1086,88
74965,88,21
74967,226,67
74968,149,4
74969,93,43
74970,13,12
74971,122,24
74974,40,4
74975,47,6
74976,168,42
74983,79,238
74984,245,11
74989,100,57
74990,48,25
74993,175,9
74995,24,8
74997,12,3
74998,42,8
74999,23,9
75001,50,24
75002,14,5
75004,172,64
75005,197,11
75007,54,5
75008,25,6
75009,19,32
75014,132,82
75015,6,4
75016,500,53
75017,11,4
75019,59,19
75022,120,44
75028,239,117
75029,118,27
75030,9,5
75031,19,5
75033,723,194
75036,57,16
75037,32,6
75038,65,38
75040,77,34
75042,155,13
75043,119,8
75047,21,3
75048,46,7
75049,13,39
75055,40,24
75056,216,24
75058,89,9
75063,360,170
75065,44,6
75067,227,8
75068,47,11
75070,11,3
75073,28,8
75074,95,77
75075,47,4
75077,6,3
75078,79,3
75079,323,100
75080,133,117
75081,20,48
75082,25,5
75083,82,3
75084,64,3
75085,27,5
75086,275,6
75089,1353,199
75093,67,3
75094,343,3
75096,364,21
75104,50,6
75105,34,21
75111,12,3
75113,109,8
75114,69,17
75115,6,3
75116,25,11
75117,240,20
75119,270,11
75120,687,157
75121,66,34
75124,109,65
75125,206,91
75126,101,22
75127,93,24
75128,55,14
75130,160,67
75132,80,11
75134,80,8
75136,680,20
75137,33,44
75139,53,21
75142,90,11
75144,75,6
75146,20,9
75147,35,3
75148,75,22
75149,82,56
75150,198,78
75151,1793,329
75152,870,40
75154,132,48
75155,246,7
75156,145,24
75157,23,3
75158,19,6
75161,642,227
75162,62,22
75163,248,8
75165,11,5
75166,75,7
75168,28,20
75171,102,51
75172,124,70
75176,59,4
75178,152,8
75179,26,12
75180,274,95
75181,464,125
75183,145,50
75186,153,5
75189,4,23
75190,172,93
75193,98,16
75200,103,14
75201,250,62
75202,46,33
75204,84,20
75205,112,14
75207,47,33
75209,34,4
75216,194,22
75217,127,49
75218,277,19
75219,134,88
75222,34,21
75223,141,54
75225,19,4
75227,263,99
75228,8,8
75230,873,180
75232,70,35
75234,130,12
75236,17,36
75238,300,33
75241,603,151
75242,49,27
75244,400,101
75245,125,50
75247,192,90
75252,2524,719
75253,62,7
75254,149,54
75256,23,5
75258,26,4
75259,15,17
75261,44,15
75262,459,68
75263,14,4
75267,232,29
75268,292,57
75271,67,29
75274,130,167
75276,48,36
75280,34,20
75282,13,3
75284,11,6
75285,74,15
75290,96,15
75291,180,41
75295,428,243
75296,30,6
75297,34,6
75298,46,20
75300,214,126
75301,71,59
75303,4,3
75304,60,20
75305,27,10
75306,18,9
75307,210,34
75308,166,61
80001,34,4
80002,136,9
80004,168,44
80007,20,6
80009,25,4
80011,18,5
80015,28,15
80018,56,13
80022,40,23
80023,27,40
80024,21,6
80028,28,6
80030,6,4
80032,20,11
80036,24,30
80037,26,9
80040,38,11
80043,65,35
80046,90,12
80049,15,3
80050,104,31
80051,57,16
80055,83,35
80057,360,128
80058,68,3
80059,84,32
80065,19,3
80067,28,13
80071,8,3
80072,50,3
80073,122,6
80076,158,26
80079,317,6
80080,21,7
80083,53,36
80084,13,3
80085,83,7
80087,24,4
80088,112,14
80089,25,16
80090,136,26
80092,126,21
80094,19,17
80095,3,3
80096,100,4
80099,16,4
80104,80,29
80106,3,5
80107,153,35
80110,219,77
80111,225,6
80113,111,49
80115,1058,10
80116,183,104
80119,22,21
80120,103,8
80122,50,25
80123,505,197
80125,3,60
80126,57,5
80127,51,56
80129,5,4
80130,34,9
80132,79,3
80134,30,8
80135,6,8
80136,326,18
80137,155,52
80138,32,7
80139,812,16
80140,144,10
80142,204,10
80150,13,9
80155,175,6
80161,44,14
80162,56,15
80164,100,4
80165,62,13
80167,106,14
80168,22,7
80173,120,54
80177,52,16
80178,18,4
80181,240,58
80182,200,106
80183,22,4
80185,50,11
80188,677,8
80191,31,4
80192,282,73
80196,89,49
80200,4,3
80201,297,6
80203,596,100
80205,100,64
80210,47,81
80212,15,7
80215,62,13
80216,288,62
80217,16,15
80218,18,7
80224,253,171
80225,39,5
80226,12,4
80229,17,6
80230,19,16
80231,236,88
80234,27,8
80235,194,107
80236,24,6
80237,66,13
80238,161,52
80240,82,17
80242,85,15
80243,620,42
80248,30,7
80250,52,6
80254,75,92
80255,21,72
80258,19,43
80262,309,29
80264,80,8
80268,26,11
80270,39,9
80273,43,3
80275,43,7
80276,17,15
80280,928,4
80284,183,58
80285,10,3
80287,26,10
80288,8,3
80289,77,15
80291,17,3
80298,30,3
80304,151,30
80307,130,21
80308,131,78
80311,5,4
80312,13,3
80313,30,10
80317,219,33
80318,315,60
80322,213,18
80324,87,20
80326,38,14
80327,267,81
80329,74,18
80331,3,10
80333,68,8
80334,282,50
80335,37,10
80336,7,6
80338,144,40
80340,83,6
80342,78,26
80348,143,34
80349,60,20
80351,100,10
80354,39,5
80358,57,8
80359,243,38
80363,300,64
80366,55,9
80369,56,7
80370,43,37
80371,10,13
80372,64,7
80374,32,20
80375,115,25
80376,80,18
80378,123,7
80381,124,53
80382,87,5
80384,61,6
80386,76,25
80389,9,6
80391,24,4
80392,990,10
80393,173,24
80396,90,40
80399,72,13
80400,61,14
80403,22,10
80405,344,285
80409,34,5
80410,1861,9
80412,122,6
80413,560,3
80415,210,3
80416,26,4
80417,43,8
80418,26,4
80420,762,42
80422,412,63
80426,33,8
80429,6,4
80431,261,93
80433,148,32
80434,17,5
80436,3,3
80437,117,3
80442,22,3
80443,29,3
80444,15,26
80448,234,10
80450,129,66
80451,33,8
80455,90,118
80456,74,9
80458,298,9
80460,202,69
80461,15,10
80466,62,6
80468,150,13
80470,86,19
80471,87,25
80472,23,8
80473,12,5
80475,38,3
80484,196,27
80486,42,5
80487,67,11
80488,65,4
80490,551,7
80492,186,71
80495,162,15
80497,43,14
80498,101,11
80499,87,26
80501,130,50
80503,39,3
80506,41,11
80507,34,6
80508,5,4
80509,176,12
80510,142,12
80514,46,19
80515,20,23
80517,22,10
80519,157,11
80520,55,28
80521,14,7
80522,360,7
80523,59,28
80527,129,35
80530,27,60
80532,175,69
80535,27,5
80536,216,34
81002,142,34
81003,337,34
81004,389,45
81005,115,25
81006,700,269
81007,51,6
81009,289,67
81010,35,3
81012,153,5
81016,214,49
81020,9,7
81021,10,21
81022,28,3
81023,52,6
81026,30,18
81028,107,3
81029,95,224
81030,160,12
81031,48,7
81032,159,9
81033,38,3
81034,80,41
81036,30,10
81037,107,133
81038,794,141
81039,42,45
81040,35,6
81046,23,6
81050,19,4
81051,46,44
81052,137,28
81055,453,64
81056,135,9
81057,80,13
81058,74,30
81059,25,7
81060,26,3
81062,25,5
81063,49,26
81065,16,8
81066,429,4
81067,58,29
81068,8,3
81071,60,4
81073,175,24
81074,35,10
81075,428,103
81076,273,52
81078,77,21
81079,51,11
81080,426,20
81082,36,3
81087,45,6
81090,11,3
81091,112,24
81095,138,51
81097,843,465
81099,10,17
81100,196,93
81101,42,19
81103,57,28
81104,352,25
81108,38,46
81109,17,7
81111,132,3
81114,48,7
81118,40,6
81119,11,32
81123,212,20
81125,11,8
81126,189,21
81127,96,6
81128,383,51
81130,73,9
81137,110,12
81138,23,9
81139,8,3
81143,116,6
81144,78,39
81145,726,36
81149,168,48
81151,78,44
81155,103,25
81157,28,8
81158,57,11
81160,63,13
81164,161,55
81166,105,38
81170,31,6
81175,48,25
81176,227,17
81177,100,25
81179,220,29
81181,196,84
81182,69,9
81183,74,18
81186,225,109
81189,32,5
81193,39,10
81194,20,11
81195,1496,3
81196,8,6
81197,39,3
81198,255,77
81199,6,5
81200,521,254
81202,13,10
81203,195,10
81206,572,33
81207,299,70
81208,90,20
81210,184,254
81211,113,39
81212,10,5
81213,81,5
81214,140,32
81217,250,4
81218,67,15
81220,109,3
81221,54,9
81225,34,7
81226,101,4
81230,88,35
81232,39,16
81233,74,37
81235,170,64
81236,27,19
81237,40,12
81238,4,3
81239,63,7
81240,525,196
81241,13,14
81242,74,27
81243,255,15
81244,8,7
81246,21,5
81247,166,38
81251,172,67
81258,52,30
81260,175,13
81261,105,57
81265,10,4
81267,19,6
81269,46,5
81271,42,3
81272,80,22
81275,40,8
81278,122,23
81279,150,62
81283,165,48
81284,42,25
81286,13,6
81288,35,14
81289,1593,26
81292,41,28
81293,86,14
81294,43,6
81295,47,7
81296,24,16
81298,23,7
81299,870,14
81304,250,76
81306,27,17
81307,350,7
81308,29,3
81309,35,7
81310,55,7
81312,122,36
81316,31,4
81317,154,87
81318,30,20
81319,31,37
81320,200,204
81323,11,3
81325,858,117
81329,44,11
81330,10,8
81331,76,19
81336,73,27
81337,3,7
81338,229,9
81340,21,8
81341,15,4
81342,34,15
81343,68,39
81345,9,3
81350,20,7
81352,83,5
81356,165,68
81359,24,3
81360,49,5
81361,12,5
81362,26,10
81363,107,25
81366,24,3
81367,34,8
81370,48,4
81372,70,90
81373,119,151
81374,49,15
81377,67,11
81380,56,29
81384,156,12
81385,69,3
81392,33,8
81393,100,45
81395,254,15
81396,192,49
81397,82,7
81399,10,5
81400,67,5
81402,75,18
81404,76,54
81405,40,27
81407,167,54
81415,5,4
81417,195,15
81420,130,7
81421,52,29
81422,54,11
81423,112,159
81425,34,13
81426,38,8
81429,81,6
81430,124,43
81432,50,39
81438,77,31
81440,5,3
81441,618,4
81442,28,19
81443,21,3
81446,30,26
81448,104,6
81449,27,3
81450,12,14
81451,22,4
81453,16,7
81454,20,18
81456,395,314
81457,7,3
81458,66,14
81459,27,13
81462,29,8
81464,8,8
81465,15,6
81466,126,36
81468,485,226
81470,48,6
81472,131,40
81473,5,3
81474,135,7
81477,19,3
81480,85,4
81481,50,7
81482,600,228
81483,129,7
81484,27,7
81486,4,18
81489,48,5
81495,11,4
81496,28,13
81497,5,5
81498,3,5
81500,495,73
81502,35,6
81503,24,8
81504,72,5
81507,24,8
81509,49,14
81510,38,5
81511,561,110
81513,9,3
81516,136,30
81517,20,3
81518,68,12
81519,355,55
81520,3352,"1,052"
81521,10,3
81523,47,4
81524,19,11
81525,59,64
81529,134,11
81531,109,7
81534,231,57
81535,31,9
81536,104,8
81540,27,12
81543,235,13
81544,19,5
81546,138,9
81547,263,67
81548,25,12
81549,11,5
81551,52,6
81557,33,13
81560,58,17
81563,88,61
81564,14,9
81568,13,3
81569,19,5
81576,22,3
81580,36,15
81587,149,57
81589,224,28
81594,192,3
81598,75,42
81599,205,14
81600,23,6
81603,78,5
81604,166,6
81607,3,3
81611,38,5
81612,90,8
81615,60,31
81616,450,124
81621,75,58
81623,54,4
81625,47,6
81628,104,21
81634,95,8
81635,11,6
81637,121,3
81638,196,17
81639,63,8
81645,115,6
81647,148,26
81652,158,11
81655,105,32
81656,100,13
81658,291,54
81663,15,8
81664,48,35
81665,28,29
81666,405,29
81671,36,15
81672,57,36
81677,69,14
81678,44,8
81679,113,18
81681,125,5
81686,63,20
81687,85,24
81688,46,5
81690,10,3
81692,210,52
81693,13,3
81695,36,8
81699,70,8
81700,8,6
81701,74,17
81703,48,6
81704,1087,94
81705,5,10
81707,312,16
81709,241,10
81710,1107,9
81712,186,5
81713,42,21
81714,57,25
81717,99,11
81718,542,238
81722,36,8
81725,74,15
81726,256,50
81729,62,3
81730,8,3
81732,237,20
81735,77,45
81736,10,8
81737,225,11
81738,56,5
81739,346,56
81745,134,3
81746,12,3
81748,191,48
81751,764,235
81752,159,15
81753,5,5
81755,31,15
81757,22,6
81759,47,3
81760,142,29
81762,95,6
81763,25,10
81764,31,15
81765,106,8
81766,41,11
81768,8,4
81769,133,36
81771,58,14
81773,35,10
81774,22,3
81776,147,16
81777,48,5
81779,47,20
81782,77,61
81784,51,3
81787,178,9
81791,43,5
81793,116,6
81798,47,10
81799,7,4
81801,326,88
81805,35,6
81806,83,40
81807,200,8
81808,242,79
81811,39,46
81812,30,6
81821,75,31
81823,86,25
81832,12,3
81836,150,15
81837,266,3
81839,592,40
81840,205,25
81841,21,5
81846,11,28
81847,217,12
81849,285,85
81851,403,4
81852,374,23
81853,31,4
81854,351,30
81855,125,18
81857,30,3
81858,136,15
81859,225,148
81860,90,22
81862,63,20
81866,90,4
81869,16,4
81870,26,12
81874,9,8
81879,84,15
81880,329,112
81881,681,61
81882,71,5
81884,145,6
81888,63,62
81889,346,50
81893,132,108
81894,56,22
81897,8,3
81899,21,13
81900,231,93
81903,50,6
81904,61,37
81905,51,14
81909,22,3
81911,130,31
81912,23,5
81914,39,4
81918,16,4
81919,7,36
81921,50,12
81923,36,28
81924,128,13
81927,42,19
81932,300,41
81933,60,32
81936,4,3
81938,10,5
81939,48,18
81940,150,97
81943,86,28
81945,40,4
81947,20,4
81950,122,17
81951,70,12
81952,1325,6
81953,162,3
81954,268,37
81956,450,168
81957,25,10
81961,111,13
81966,117,12
81970,34,4
81971,65,20
81973,60,21
81981,130,12
81984,578,254
81987,85,48
81988,85,12
81990,251,65
81991,103,136
81992,10,3
81993,52,11
81994,30,10
81995,9,3
81999,194,57
82000,110,74
82003,111,40
82005,197,6
82006,15,3
82007,201,61
82008,322,138
82009,39,8
82011,40,5
82012,3,3
82014,15,9
82016,60,40
82018,1403,123
82020,349,231
82021,200,7
82023,45,12
82024,271,49
82025,467,86
82026,100,20
82032,42,5
82035,294,54
82037,13,9
82043,20,5
82046,262,22
82047,130,367
82052,112,31
82055,16,5
82061,36,16
82063,105,61
82064,163,17
82065,22,17
82066,25,5
82067,187,68
82068,283,5
82069,281,13
82070,80,5
82071,293,129
82072,35,8
82073,137,32
82075,650,157
82076,32,72
82077,19,10
82078,242,37
82079,4,5
82081,62,8
82086,110,16
82091,22,3
82093,53,29
82097,22,12
82098,280,50
82101,60,19
82102,23,6
82105,25,4
82106,448,77
82108,8,3
82111,173,25
82112,866,26
82114,38,8
82115,128,86
82116,167,4
82122,18,5
82123,225,21
82124,267,30
82125,52,19
82126,26,4
82127,8,3
82128,1087,249
82129,117,68
82131,108,35
82132,23,7
82134,171,73
82139,20,40
82140,430,81
82141,24,18
82143,75,156
82145,392,89
82148,442,100
82149,40,6
82150,13,4
82152,161,37
82153,67,21
82154,13,5
82155,60,12
82157,132,21
82161,116,14
82162,21,11
82163,61,16
82165,18400,"2,660"
82166,45,22
82170,21,10
82172,27,3
82176,100,20
82178,10,6
82183,325,63
82185,620,4
82186,161,6
82187,474,144
82189,12,6
82190,85,9
82192,85,7
82194,22,8
82196,586,16
82197,383,83
82199,187,89
82200,544,237
82203,208,84
82205,6,7
82206,35,6
82213,116,5
82215,63,5
82217,56,8
82219,107,52
82221,228,65
82224,14,4
82225,68,18
82229,110,26
82230,172,56
82235,138,39
82236,17,9
82237,1540,32
82240,34,37
82242,70,8
82243,79,8
82244,297,110
82246,152,35
82247,58,34
82249,65,4
82250,155,73
82253,155,87
82254,257,8
82257,216,7
82259,267,47
82264,112,134
82268,88,47
82269,269,75
82270,65,6
82271,351,40
82273,15,12
82275,4,9
82279,160,5
82280,45,15
82282,150,50
82283,100,33
82285,139,97
82287,500,171
82300,107,31
82301,439,233
82302,74,86
82304,148,19
82305,57,4
82306,24,3
82315,11,4
82317,36,25
82319,43,13
82320,403,12
82321,21,3
82322,48,7
82324,64,28
82325,652,158
82326,140,29
82328,8,5
82330,28,8
82331,100,3
82332,11,7
82333,667,7
82337,176,9
82338,468,82
82339,252,57
82340,311,90
82342,15,3
82344,9,3
82348,53,11
82353,166,20
82355,502,243
82360,8,4
82361,307,121
82363,29,9
82364,374,10
82367,45,28
82369,513,176
82370,50,21
82375,442,63
82376,86,9
82377,115,11
82379,134,33
82385,33,5
82387,17,9
82389,287,44
82391,20,10
82392,36,14
82393,239,280
82394,37,24
82395,19,12
82399,900,6
82402,44,10
82407,124,26
82412,26,5
82415,285,95
82416,54,10
82417,110,9
82418,44,5
82419,38,7
82420,86,5
82422,29,3
82424,178,216
82425,26,3
82426,57,15
82428,95,5
82432,229,56
82434,7,5
82435,2132,28
82436,18,9
82438,251,46
82439,45,4
82440,27,6
82441,35,4
82442,71,53
82444,48,12
82445,93,29
82449,39,13
82453,63,9
82454,4,5
82455,214,40
82456,10,4
82457,190,221
82458,486,17
82467,18,5
82468,125,62
82469,37,21
82473,138,10
82474,181,24
82478,271,12
82479,1018,89
82480,260,55
82481,314,100
82482,60,12
82484,254,86
82492,37,122
82495,12,5
82496,398,36
82498,84,4
82500,131,71
82502,335,30
82503,201,188
82504,776,133
82505,84,29
82506,224,11
82507,30,11
82508,119,83
82509,922,103
82511,55,11
82512,80,11
82514,208,9
82515,56,3
82517,340,57
82522,85,8
82524,39,15
82525,26,11
82527,78,23
82528,5,12
82531,224,49
82532,22,4
82533,30,11
82534,72,11
82535,96,25
82539,219,36
82545,200,113
82546,183,16
82551,199,12
82552,203,78
82554,127,51
82556,8,7
82557,43,5
82559,202,42
82560,7,4
82562,82,98
82565,37,3
82567,37,22
82568,596,52
82571,260,34
82572,264,13
82579,150,11
82580,51,28
82581,7,17
82583,109,42
82587,154,42
82588,249,25
82590,495,64
82591,289,35
82593,13,3
82596,79,162
82598,14,22
82602,21,9
82603,160,17
82604,35,14
82605,32,4
82606,30,3
82615,20,14
82616,45,10
82617,405,10
82619,52,3
82620,42,9
82622,30,11
82624,190,37
82627,22,4
82630,42,9
82632,10,6
82633,65,22
82634,18,3
82636,228,67
82639,72,16
82641,108,23
82642,75,70
82645,108,21
82649,8,3
82650,71,6
82653,159,27
82654,15,10
82656,27,86
82657,52,18
82658,163,4
82661,18,7
82662,149,14
82663,30,66
82664,111,42
82665,270,72
82667,150,37
82671,104,35
82675,606,10
82678,71,10
82679,92,8
82680,28,7
82682,79,10
82683,15,3
82686,181,17
82687,317,118
82688,85,63
82689,55,13
82692,36,6
82695,20,12
82698,13,5
82700,333,84
82702,96,18
82703,53,42
82705,3050,941
82707,386,57
82715,25,6
82718,18,14
82720,11,3
82721,25,13
82722,19,20
82723,136,10
82726,810,78
82730,400,25
82734,15,4
82735,75,13
82736,33,22
82739,21,5
82744,123,11
82745,14,5
82746,42,60
82749,23,15
82750,292,95
82753,53,4
82754,77,106
82755,137,7
82761,8,3
82762,58,42
82763,80,42
82764,79,25
82766,57,10
82768,88,9
82770,18,4
82771,41,5
82772,360,143
82773,95,25
82774,73,16
82777,80,22
82778,92,11
82780,300,39
82781,10,4
82782,103,30
82783,359,123
82784,34,4
82786,72,7
82787,127,80
82788,480,41
82789,20,8
82792,31,3
82793,69,17
82794,33,42
82796,178,66
82797,477,47
82798,69,15
82800,24,11
82801,130,11
82803,55,3
82806,14,5
82807,101,7
82810,132,22
82812,78,21
82813,81,18
82814,176,80
82818,254,90
82821,12,4
82822,75,85
82823,67,27
82824,720,140
82825,154,39
82827,30,12
82830,145,10
82831,33,14
82833,74,9
82837,43,5
82838,16,4
82839,115,30
82841,330,111
82847,33,4
82848,79,29
82849,167,10
82854,70,11
82857,43,7
82858,33,3
82859,26,7
82860,9,3
82861,72,9
82862,160,440
82863,25,26
82866,5,3
82872,47,4
82875,90,19
82876,80,6
82878,130,41
82880,604,121
82883,44,3
82884,89,3
82885,145,10
82886,54,4
82887,19,7
82888,19,5
82893,37,5
82895,21,5
82896,60,6
82897,129,3
82900,174,12
82902,138,66
82905,262,86
82906,39,26
82908,354,196
82909,179,176
82911,7,5
82912,178,58
82914,16,3
82915,8,3
82916,92,43
82919,13,4
82920,79,23
82924,4,3
82926,80,54
82927,91,10
82928,303,67
82933,165,30
82935,17,3
82936,108,5
82937,422,98
82939,24,12
82942,280,7
82944,40,7
82945,47,10
82946,54,5
82950,17,3
82954,118,29
82955,49,16
82956,530,167
82957,24,10
82960,120,24
82963,411,77
82964,102,6
82965,97,20
82966,74,23
82967,51,16
82970,70,9
82972,66,37
82974,128,44
82976,90,26
82977,28,3
82979,57,19
82982,281,99
82986,890,16
82988,54,14
82989,90,4
82990,60,7
82992,21,8
82993,318,86
82994,44,4
82999,18,6
83004,24,3
83006,41,4
83008,556,37
83009,616,267
83010,170,4
83011,90,3
83014,135,9
83015,102,48
83018,152,88
83019,118,24
83022,135,3
83024,209,147
83027,169,81
83028,33,6
83029,40,22
83030,1081,246
83032,7,5
83033,247,84
83034,206,61
83035,52,3
83036,33,7
83039,129,4
83041,70,11
83043,92,33
83044,730,84
83045,59,17
83047,153,19
83051,27,10
83053,50,12
83054,341,137
83060,275,18
83065,545,3
83069,3,4
83074,355,107
83075,292,10
83077,11,6
83079,60,9
83083,182,17
83085,164,19
83086,371,35
83087,28,13
83090,7,5
83091,111,22
83094,295,178
83095,77,21
83099,100,25
83103,34,12
83104,250,49
83109,22,4
83111,140,42
83112,29,4
83117,178,94
83118,28,10
83119,32,20
83120,89,3
83121,95,37
83123,80,116
83124,52,16
83126,620,86
83127,137,26
83128,285,30
83129,1173,388
83131,75,15
83132,120,3
83133,85,9
83134,95,13
83137,56,6
83138,134,47
83139,131,39
83140,21,3
83143,37,26
83144,59,9
83145,78,21
83146,101,11
83147,108,21
83148,17,10
83149,304,13
83150,204,26
83154,137,68
83156,180,29
83157,125,3
83158,109,43
83160,14,4
83162,85,23
83163,58,17
83164,71,4
83166,4,3
83167,63,7
83169,43,11
83170,122,18
83172,41,7
83173,186,70
83175,8,3
83176,78,8
83177,86,175
83178,5,3
83179,407,28
83180,97,6
83185,110,20
83186,234,93
83187,166,26
83188,169,35
83190,30,5
83191,164,46
83194,500,28
83196,32,13
83197,216,44
83199,49,53
83201,28,3
83205,51,29
83206,26,11
83209,300,105
83210,9,4
83211,62,3
83213,58,12
83215,1678,25
83217,200,55
83219,135,6
83220,68,28
83225,123,25
83227,403,127
83228,256,46
83229,191,11
83230,124,6
83232,43,24
83234,47,5
83236,38,14
83242,25,10
83244,67,46
83245,127,95
83246,42,20
83250,564,54
83254,128,22
83258,418,132
83259,136,100
83260,56,9
83261,105,9
83264,65,6
83266,150,25
83267,108,77
83268,70,11
83269,431,130
83270,190,9
83271,137,3
83272,200,55
83273,5,4
83274,160,22
83279,170,34
83281,10,4
83282,58,3
83287,17,3
83288,140,18
83289,62,6
83290,22,4
83291,89,21
83292,66,7
83294,233,77
83295,245,160
83298,76,16
83301,9,4
83302,77,13
83303,18,5
83305,9,4
83308,102,28
83309,5327,174
83310,50,4
83311,58,12
83313,48,4
83319,54,17
83320,412,64
83321,54,5
83324,142,10
83328,412,"1,090"
83334,525,79
83338,371,3
83340,73,263
83344,20,9
83346,466,77
83347,25,9
83348,80,3
83356,362,141
83358,678,50
83359,456,38
83362,201,77
83363,290,123
83365,236,66
85000,28,7
85003,82,3
85006,300,67
85007,105,26
85009,10,3
85013,637,89
85016,89,20
85017,71,3
85019,15,9
85022,67,73
85023,69,12
85024,76,10
85025,52,7
85026,65,7
85030,151,10
85033,25,4
85034,183,59
85039,13,5
85042,285,98
85044,20,13
85048,11,6
85049,116,97
85052,28,21
85056,21,5
85058,588,276
85059,8,31
85065,80,12
85066,139,18
85070,56,3
85071,182,40
85072,91,26
85074,367,7
85079,87,43
85080,290,7
85084,23,3
85085,122,27
85088,113,17
85094,190,79
85095,638,111
85096,151,25
85097,25,35
85098,24,4
85100,129,25
85104,24,13
85106,45,11
85108,153,17
85117,498,103
85118,156,33
85122,125,12
85128,195,4
85129,18,3
85132,31,10
85133,30,10
85134,155,29
85135,75,28
85137,686,9
85138,79,5
85140,85,29
85141,35,10
85144,8,3
85146,124,10
85152,86,16
85153,84,6
85155,237,20
85156,69,41
85157,37,16
85160,2170,539
85161,27,8
85167,845,34
85169,45,3
85171,41,27
85172,6,5
85176,62,13
85177,72,12
85178,75,10
85182,525,5
85184,11,3
85186,29,3
85187,85,45
85188,180,66
85191,120,17
85192,398,135
85197,176,26
85199,58,11
85204,46,10
85209,47,12
85210,154,24
85211,79,26
85214,425,187
85215,600,251
85216,57,12
85218,18,11
85219,227,49
85225,7,25
85226,25,10
85234,619,142
85235,133,20
85236,379,156
85237,43,4
85238,210,100
85243,246,138
85244,87,18
85246,82,28
85247,408,28
85248,262,171
85251,3,7
85254,859,23
85256,191,4
85260,148,16
85261,335,83
85265,70,54
85269,40,3
85272,66,7
85275,27,7
85279,48,25
85282,84,22
85283,18,10
85284,80,29
85286,1946,649
85293,42,3
85295,88,12
85297,20,6
85298,223,43
85299,17,3
85300,3,3
85302,22,9
85304,39,8
85307,147,17
85308,18,4
85309,46,10
85312,30,14
85313,15,9
85314,222,21
85315,92,18
85320,92,4
85323,78,6
85324,302,41
85328,250,44
85332,16,4
85338,24,11
85339,16,6
85340,297,38
85341,374,158
85346,43,23
85348,318,9
85349,13,3
85353,28,4
85354,25,7
85356,49,8
85357,856,151
85363,242,59
85365,171,63
85366,35,4
85367,41,20
85368,51,8
85372,42,16
85374,53,16
85377,33,4
85378,25,4
85379,92,21
85380,64,25
85383,91,7
85385,150,7
85386,24,5
85389,102,15
85391,42,40
85392,5,12
85394,24,7
85395,85,8
85404,72,31
85405,14,4
85406,25,9
85407,11,4
85409,87,11
85410,144,7
85411,68,20
85414,28,5
85415,55,33
85417,66,10
85423,286,5
85424,127,49
85426,34,13
85427,406,37
85428,25,11
85431,188,18
85440,22,3
85443,64,12
85445,15,11
85447,56,5
85449,55,14
85450,224,5
85453,450,100
85454,168,88
85455,81,20
85458,134,4
85459,641,254
85460,240,123
85461,249,5
85465,32,5
85466,26,3
85469,27,23
85470,28,9
85473,155,56
85475,199,33
85478,21,10
85479,29,6
85480,28,10
85481,19,6
85482,156,26
85483,139,22
85486,269,9
85487,5,5
85489,117,66
85491,6,5
85492,105,21
85495,51,7
85502,80,93
85503,25,7
85504,121,41
85510,94,27
85512,178,27
85514,103,4
85515,41,5
85516,87,5
85518,200,37
85519,47,7
85521,54,4
85522,15,6
85523,112,24
85524,13,7
85526,24,8
85527,19,11
85529,53,3
85533,227,35
85535,6,7
85536,47,17
85537,593,325
85541,28,8
85542,107,15
85545,135,3
85546,231,18
85547,3175,30
85551,125,5
85552,320,36
85553,435,46
85557,50,3
85558,58,4
85559,5,3
85560,31,8
85563,227,91
85564,389,18
85566,117,14
85567,202,5
85568,48,14
85569,92,14
85570,31,6
85572,43,11
85573,434,9
85574,678,276
85576,50,3
85578,21,80
85580,291,93
85582,73,32
85584,9,3
85586,50,8
85587,18,5
85588,8,3
85591,834,44
85592,320,102
85593,225,39
85596,519,112
85597,41,18
85598,38,7
85599,54,7
85600,525,36
85604,47,5
85605,28,3
85606,122,39
85607,89,4
85610,511,111
85614,30,20
85615,450,53
85618,292,37
85620,30,10
85622,33,6
85623,149,45
85625,585,49
85628,187,61
85629,749,81
85631,200,12
85634,235,28
85635,230,5
85636,914,227
85640,64,12
85641,270,34
85643,43,11
85646,10,5
85647,12,3
85652,230,62
85657,237,4
85660,84,15
85662,291,15
85663,128,54
85664,445,77
85665,224,68
85666,14,11
85667,19,3
85669,45,14
85674,125,35
85682,7,3
85683,595,50
85684,254,58
85685,38,33
85686,80,18
85689,62,18
85691,67,36
85695,36,7
85697,16,11
85699,28,3
85701,69,20
85703,159,40
85704,241,87
85707,205,130
85708,33,5
85710,170,56
85711,96,15
85712,138,40
85713,279,78
85714,50,68
85715,45,7
85716,130,22
85717,181,49
85718,80,8
85722,71,15
85723,118,11
85725,3,3
85726,300,69
85728,185,58
85729,221,132
85730,228,40
85731,113,5
85732,40,23
85733,174,58
85736,32,3
85739,26,55
85740,28,3
85742,322,13
85743,95,19
85748,213,37
85750,13,4
85752,7,3
85753,526,47
85754,72,14
85756,63,3
85759,3,4
85760,112,13
85763,39,19
85764,24,4
85766,61,17
85767,116,91
85770,50,42
85777,40,5
85778,116,6
85779,271,72
85780,391,13
85783,202,92
85785,14,7
85786,147,9
85787,84,8
85789,136,79
85795,346,221
85796,4454,"1,299"
85798,127,18
85799,58,9
85800,79,17
85801,156,29
85804,305,3
85805,125,30
85807,72,3
85808,206,6
85809,1322,97
85810,23,4
85812,353,11
85817,75,24
85818,290,85
85819,9,7
85820,21,4
85821,454,124
85823,193,65
85828,81,19
85831,20,3
85836,43,3
85837,22,8
85839,34,5
85841,95,39
85843,110,44
85844,67,22
85846,35,53
85847,89,60
85848,66,11
85850,75,5
85851,350,162
85852,120,53
85857,189,34
85858,1892,17
85859,200,23
85862,277,80
85864,10,5
85866,168,49
85867,166,42
85868,318,67
85869,27,3
85871,54,15
85872,32,10
85873,1761,257
85875,90,11
85876,105,44
85877,166,27
85879,135,66
85880,143,4
85882,8,6
85884,21,4
85886,47,11
85888,507,255
85889,507,260
85891,96,3
85893,39,7
85899,52,7
85900,80,21
85902,490,66
85903,14,6
85905,114,30
85909,25,5
85911,730,147
85912,27,20
85913,37,23
85915,11,4
85919,185,243
85922,79,22
85924,173,32
85926,478,53
85927,108,20
85931,14,3
85938,390,41
85939,1416,337
85940,48,34
85941,25,3
85944,53,23
85949,16,4
85950,102,10
85952,53,40
85954,432,58
85959,43,12
85960,202,12
85961,283,60
85962,89,9
85963,206,106
85967,315,44
85969,434,103
85970,33,14
85971,363,8
85972,105,35
85976,139,27
85978,90,73
85979,147,38
85980,63,19
85981,20,14
85983,130,13
85987,133,85
85989,38,12
85990,18,18
85994,60,8
85996,52,3
86001,1566,583
86003,140,12
86004,47,27
86006,91,36
86008,529,40
86011,195,8
86012,117,24
86014,170,18
86016,59,6
86018,10,12
86025,626,109
86027,7,21
86028,71,5
86033,16,3
86035,9,3
86038,11,6
86039,247,135
86040,230,4
86046,128,9
86047,49,20
86048,971,37
86050,84,30
86060,381,40
86063,30,4
86064,49,10
86065,1207,532
86073,140,47
86074,70,21
86076,182,10
86081,35,4
86083,243,101
86084,54,34
86086,226,102
86088,333,46
86089,141,25
86091,1022,29
86093,32,7
86096,50,6
86099,159,61
86102,80,12
86104,114,23
86105,446,71
86109,290,24
86112,80,9
86114,28,4
86116,37,5
86120,87,38
86122,305,31
86123,181,13
86125,58,16
86127,37,7
86128,128,28
86130,300,13
86132,65,14
86133,23,8
86135,21,5
86136,33,3
86137,34,5
86138,22,14
86139,180,34
90001,41,5
90002,175,36
90003,34,4
90004,136,18
90009,42,4
90010,133,5
90013,232,45
90015,7,3
90016,86,60
90018,149,22
90023,250,4
90024,27,6
90025,76,15
90027,180,35
90030,65,16
90035,407,47
90040,279,52
90041,50,10
90046,94,13
90048,240,6
90050,78,6
90056,74,49
90058,1446,220
90059,21,5
90061,407,140
90063,138,63
90064,158,25
90065,881,495
90066,148,20
90067,66,14
90068,192,35
90069,193,3
90070,90,4
90071,34,39
90075,414,184
90076,151,43
90077,19,4
90078,29,4
90079,100,5
90082,259,116
90083,47,30
90084,114,12
90085,48,21
90086,58,23
90087,152,8
90089,11,6
90093,6,3
90095,19,4
90097,77,21
90101,222,43
90102,108,33
90103,395,59
90106,231,16
90108,372,82
90109,170,22
90112,600,228
90113,50,4
90115,49,25
90122,222,57
90124,38,3
90131,12,34
90135,46,16
90137,20,5
90138,81,19
90139,107,18
90141,734,64
90142,311,82
90146,105,16
90151,50,37
90153,106,9
90155,58,12
90156,588,76
90157,155,32
90159,39,6
90162,155,4
90166,259,69
90168,42,3
90172,179,31
90173,77,8
90174,222,14
90177,309,145
90178,172,20
90180,257,10
90181,144,27
90182,71,14
90184,681,19
90185,259,33
90190,22,5
90193,88,7
90199,41,3
90203,48,5
90212,404,144
90213,192,28
90214,49,3
90217,32,6
90218,280,20
90221,75,13
90227,29,19
90230,32,6
90231,16,3
90234,179,72
90235,91,15
90243,79,6
90245,43,17
90249,157,22
90251,411,40
90255,126,80
90257,118,8
90258,96,21
90259,55,18
90262,96,5
90263,163,39
90265,118,23
90273,36,4
90276,82,15
90277,33,6
90281,349,224
90284,91,13
90298,60,6
90299,320,58
90302,12,4
90311,40,4
90317,230,23
90321,95,38
90326,40,9
90327,177,158
90335,323,71
91000,48,28
91001,138,19
91002,18,4
91006,68,13
91007,50,14
91008,196,79
91009,195,13
91011,209,3
91013,210,16
91014,56,4
91017,600,40
91021,531,44
91023,1210,126
91027,802,146
91030,1234,426
91038,21,8
91040,17,6
91041,95,3
91042,27,3
91044,30,6
91045,325,47
91046,91,22
91051,86,84
91053,8,5
91054,124,38
91056,101,5
91057,36,3
91060,125,15
91064,117,15
91067,37,4
91069,104,3
91071,237,72
91072,32,7
91075,223,45
91078,35,6
91079,145,17
91080,98,7
91081,41,20
91082,6,3
91084,60,11
91085,21,10
91086,12,4
91088,66,3
91090,856,419
91091,194,45
91092,346,4
91095,235,118
91098,9,3
91099,225,24
91101,116,9
91103,50,12
91106,255,40
91108,236,58
91109,353,62
91110,82,3
91111,148,36
91112,254,17
91113,31,5
91117,26,7
91118,60,24
91119,125,13
91120,213,9
91123,77,27
91124,6,3
91125,450,231
91128,88,4
91129,227,58
91131,15,4
91132,626,57
91133,8,4
91136,41,8
91139,108,20
91140,120,7
91142,103,13
91143,83,9
91144,187,4
91145,819,132
91149,6,3
91150,350,23
91154,61,4
91156,56,7
91157,198,63
91159,152,8
91161,325,47
91163,398,22
91164,195,15
91166,212,32
91167,60,6
91172,28,5
91174,32,4
91176,73,10
91177,7,15
91179,6,6
91180,35,5
91184,38,3
91186,40,9
91187,39,6
91188,77,5
91191,34,3
91192,25,12
91193,260,28
91195,68,14
91196,151,33
91198,17,10
91199,65,17
91200,76,3
91205,304,105
91207,142,35
91208,22,87
91209,80,13
91211,16,11
91215,108,7
91216,9,3
91217,14,11
91219,43,40
91223,89,6
91224,157,18
91227,31,8
91232,205,13
91233,33,5
91235,301,151
91237,28,17
91239,19,14
91240,129,4
91242,83,58
91245,30,12
91246,39,11
91247,552,126
91249,110,17
91250,118,7
91251,273,14
91252,24,7
91254,71,6
91257,84,19
91258,37,7
91260,292,61
91261,289,12
91262,181,31
91267,34,3
91277,191,6
91278,264,45
91279,247,49
91280,65,8
91285,19,9
91290,1015,17
91291,34,3
91304,51,10
91307,52,18
91312,56,33
91315,32,4
91316,30,12
91318,70,34
91320,12,3
91321,10,4
91323,99,17
91335,62,16
91336,128,20
91338,106,17
91340,69,4
91343,38,5
91346,99,16
91350,23,3
91352,478,178
91353,433,5
91354,18,4
91355,101,6
91357,89,46
91358,59,10
91361,57,6
91363,92,18
91367,700,12
91368,90,4
91374,158,41
91376,24,3
91378,667,205
91380,8,4
91386,265,189
91389,5,3
91392,97,21
91396,26,9
91399,115,14
91400,130,4
91402,60,31
91412,235,12
91416,293,23
91423,58,9
91424,182,12
91427,197,107
91430,5,5
91438,23,8
91440,99,21
91441,63,27
91445,80,15
91451,56,8
91453,130,43
91456,376,102
91458,300,61
91460,65,9
91464,53,4
91471,80,27
91474,22,5
91477,5,3
91479,61,37
91485,326,73
91491,609,172
91493,64,4
91494,120,28
91496,75,42
91497,5,4
91502,102,16
91503,230,21
91505,94,8
91506,16,18
91507,435,7
91508,310,10
91510,162,13
91511,65,49
91513,230,95
91516,7,3
91517,33,14
91518,52,10
91519,86,4
91520,376,123
91521,805,3
91523,108,32
91528,1468,436
91530,11,4
91531,86,6
91535,130,134
91536,50,7
91539,274,4
91540,31,4
91541,314,45
91542,23,3
91544,45,7
91546,183,3
91548,16,6
91549,25,5
91550,120,9
91551,41,62
91554,133,11
91557,89,40
91563,76,19
91570,23,4
91573,23,4
91576,7,3
91581,244,5
91582,76,7
91585,14,3
91589,11,4
91590,230,88
91591,67,51
91592,5,4
91593,660,110
91595,279,5
91597,320,10
91598,10,3
91601,72,24
91602,54,16
91603,1468,6
91605,33,3
91609,220,60
91611,998,64
91612,79,22
91618,131,15
91632,102,22
91635,33,5
91638,30,13
91639,205,14
91644,40,11
91648,74,11
91650,81,35
91651,30,3
91653,125,6
91654,180,7
91656,26,5
91661,11,5
91662,185,7
91667,182,10
91671,26,13
91674,10,3
91675,62,5
91676,142,29
91681,25,12
91682,7,4
91684,78,22
91685,131,12
91690,200,17
91692,105,21
91695,155,73
91698,22,4
91699,48,21
91701,46,14
91702,24,9
91703,358,97
91708,49,8
91712,260,29
91714,786,94
91717,141,15
91718,20,4
91720,51,45
91721,36,8
91722,9,3
91725,1768,67
91726,9,4
91727,727,4
91730,209,6
91732,61,11
91734,46,4
91737,48,16
91739,50,10
91741,15,4
91743,33,3
91744,92,18
91752,125,19
91753,75,4
91754,37,3
91755,230,104
91758,716,125
91765,36,5
91767,276,53
91768,85,11
91769,180,31
91772,94,78
91773,110,8
91781,25,7
91782,125,22
91794,201,10
91796,216,172
91798,33,31
91803,73,17
91807,1300,27
91808,95,9
91810,101,4
91813,28,4
91818,169,35
91826,556,7
91839,5,9
91845,348,67
91847,14,4
91848,41,7
91849,36,4
91851,3,34
91852,38,19
91853,38,4
91854,442,189
91858,63,15
91859,200,26
91864,84,3
91865,122,19
91866,102,3
91867,21,5
91868,6,8
91869,205,40
91871,30,3
91873,157,4
91879,626,11
91880,50,7
91881,47,5
91886,160,61
91887,67,23
91891,31,3
91892,162,9
91894,284,77
91911,96,54
91914,602,37
91920,427,36
91921,254,14
91923,3,3
91927,561,6
91928,64,13
91929,80,35
91933,55,20
91935,72,7
91936,47,21
91939,239,78
91943,147,3
91945,67,22
91949,215,12
91950,209,7
91952,54,5
91954,23,12
91959,7,3
91960,233,29
91961,103,8
91963,7,3
91964,216,34
91965,25,37
91966,196,18
91971,19,3
91973,6,3
91974,13,3
91975,45,15
91978,225,75
91979,72,12
91981,5,3
91985,366,23
91986,253,19
91987,18,11
91999,93,22
92001,154,6
92002,22,4
92004,25,3
92005,238,5
92007,60,10
92009,47,5
92012,7,4
92015,49,6
92020,16,8
92021,77,15
92033,115,41
92042,88,3
92043,56,3
92044,82,6
92049,35,7
92051,151,40
92052,261,7
92057,172,46
92065,59,8
92071,219,22
92072,144,15
92075,203,48
92083,375,12
92090,38,11
92091,160,4
92094,80,21
92097,182,48
92099,3,4
92108,97,39
92109,32,4
92110,32,4
92111,51,3
92113,110,19
92118,121,35
92130,324,78
92132,1390,27
92149,70,8
92179,65,7
92185,1782,186
92244,114,23